,plddt_best_multimer,plddt_best_multimer_5rec,plddt_best_5U,plddt_best_10U,plddt_model_1_multimer,plddt_model_1_multimer_5rec,plddt_model_1_5U,plddt_model_1_10U,plddt_model_2_multimer,plddt_model_2_multimer_5rec,plddt_model_2_5U,plddt_model_2_10U,plddt_model_3_multimer,plddt_model_3_multimer_5rec,plddt_model_3_5U,plddt_model_3_10U,plddt_model_4_multimer,plddt_model_4_multimer_5rec,plddt_model_4_5U,plddt_model_4_10U,plddt_model_5_multimer,plddt_model_5_multimer_5rec,plddt_model_5_5U,plddt_model_5_10U,plddt_avg_multimer,plddt_avg_multimer_5rec,plddt_avg_5U,plddt_avg_10U,LIS_best_multimer,LIS_best_multimer_5rec,LIS_best_5U,LIS_best_10U,LIS_model_1_multimer,LIS_model_1_multimer_5rec,LIS_model_1_5U,LIS_model_1_10U,LIS_model_2_multimer,LIS_model_2_multimer_5rec,LIS_model_2_5U,LIS_model_2_10U,LIS_model_3_multimer,LIS_model_3_multimer_5rec,LIS_model_3_5U,LIS_model_3_10U,LIS_model_4_multimer,LIS_model_4_multimer_5rec,LIS_model_4_5U,LIS_model_4_10U,LIS_model_5_multimer,LIS_model_5_multimer_5rec,LIS_model_5_5U,LIS_model_5_10U,LIS_avg_multimer,LIS_avg_multimer_5rec,LIS_avg_5U,LIS_avg_10U,LIA_best_multimer,LIA_best_multimer_5rec,LIA_best_5U,LIA_best_10U,LIA_model_1_multimer,LIA_model_1_multimer_5rec,LIA_model_1_5U,LIA_model_1_10U,LIA_model_2_multimer,LIA_model_2_multimer_5rec,LIA_model_2_5U,LIA_model_2_10U,LIA_model_3_multimer,LIA_model_3_multimer_5rec,LIA_model_3_5U,LIA_model_3_10U,LIA_model_4_multimer,LIA_model_4_multimer_5rec,LIA_model_4_5U,LIA_model_4_10U,LIA_model_5_multimer,LIA_model_5_multimer_5rec,LIA_model_5_5U,LIA_model_5_10U,LIA_avg_multimer,LIA_avg_multimer_5rec,LIA_avg_5U,LIA_avg_10U,pae_contacts_best_multimer,pae_contacts_best_multimer_5rec,pae_contacts_best_5U,pae_contacts_best_10U,pae_contacts_model_1_multimer,pae_contacts_model_1_multimer_5rec,pae_contacts_model_1_5U,pae_contacts_model_1_10U,pae_contacts_model_2_multimer,pae_contacts_model_2_multimer_5rec,pae_contacts_model_2_5U,pae_contacts_model_2_10U,pae_contacts_model_3_multimer,pae_contacts_model_3_multimer_5rec,pae_contacts_model_3_5U,pae_contacts_model_3_10U,pae_contacts_model_4_multimer,pae_contacts_model_4_multimer_5rec,pae_contacts_model_4_5U,pae_contacts_model_4_10U,pae_contacts_model_5_multimer,pae_contacts_model_5_multimer_5rec,pae_contacts_model_5_5U,pae_contacts_model_5_10U,pae_contacts_avg_multimer,pae_contacts_avg_multimer_5rec,pae_contacts_avg_5U,pae_contacts_avg_10U,intercontacts_best_multimer,intercontacts_best_multimer_5rec,intercontacts_best_5U,intercontacts_best_10U,intercontacts_model_1_multimer,intercontacts_model_1_multimer_5rec,intercontacts_model_1_5U,intercontacts_model_1_10U,intercontacts_model_2_multimer,intercontacts_model_2_multimer_5rec,intercontacts_model_2_5U,intercontacts_model_2_10U,intercontacts_model_3_multimer,intercontacts_model_3_multimer_5rec,intercontacts_model_3_5U,intercontacts_model_3_10U,intercontacts_model_4_multimer,intercontacts_model_4_multimer_5rec,intercontacts_model_4_5U,intercontacts_model_4_10U,intercontacts_model_5_multimer,intercontacts_model_5_multimer_5rec,intercontacts_model_5_5U,intercontacts_model_5_10U,intercontacts_avg_multimer,intercontacts_avg_multimer_5rec,intercontacts_avg_5U,intercontacts_avg_10U,pTM_best_multimer,pTM_best_multimer_5rec,pTM_best_5U,pTM_best_10U,pTM_model_1_multimer,pTM_model_1_multimer_5rec,pTM_model_1_5U,pTM_model_1_10U,pTM_model_2_multimer,pTM_model_2_multimer_5rec,pTM_model_2_5U,pTM_model_2_10U,pTM_model_3_multimer,pTM_model_3_multimer_5rec,pTM_model_3_5U,pTM_model_3_10U,pTM_model_4_multimer,pTM_model_4_multimer_5rec,pTM_model_4_5U,pTM_model_4_10U,pTM_model_5_multimer,pTM_model_5_multimer_5rec,pTM_model_5_5U,pTM_model_5_10U,pTM_avg_multimer,pTM_avg_multimer_5rec,pTM_avg_5U,pTM_avg_10U,ipTM_best_multimer,ipTM_best_multimer_5rec,ipTM_model_1_multimer,ipTM_model_1_multimer_5rec,ipTM_model_2_multimer,ipTM_model_2_multimer_5rec,ipTM_model_3_multimer,ipTM_model_3_multimer_5rec,ipTM_model_4_multimer,ipTM_model_4_multimer_5rec,ipTM_model_5_multimer,ipTM_model_5_multimer_5rec,ipTM_avg_multimer,ipTM_avg_multimer_5rec
243-257,36.7696,36.7696,58.14066666666667,50.66106666666666,37.007866666666665,34.54813333333333,36.63160000000001,50.66106666666666,34.494400000000006,32.974666666666664,41.07013333333334,44.50613333333333,35.72040000000001,35.72040000000001,58.14066666666667,51.504799999999996,36.7696,36.7696,42.419599999999996,45.62533333333333,35.34693333333333,35.34693333333333,37.54066666666666,36.84106666666668,35.86784000000001,35.07194666666667,43.16053333333333,45.82768,0.05991593567251462,0.05991593567251462,0.02375000000000005,0.18263544251447475,0.03723025048169556,0.027980769230769222,0.07696969696969695,0.18263544251447475,0.025522875816993456,0.0016666666666666496,0.05361111111111113,0.08003687315634217,0.0545910780669145,0.0545910780669145,0.02375000000000005,,0.05991593567251462,0.05991593567251462,0.07399999999999998,0.12639566395663954,0.06426960784313726,0.06426960784313726,0.026249999999999996,0.09232558139534883,0.048305949576251075,0.04168481149600045,0.050916161616161616,,0.050666666666666665,0.050666666666666665,0.00044444444444444447,0.1791111111111111,0.03844444444444445,0.0057777777777777775,0.0024444444444444444,0.1791111111111111,0.011333333333333334,0.00044444444444444447,0.0006666666666666666,0.025111111111111112,0.05977777777777778,0.05977777777777778,0.00044444444444444447,0.0,0.050666666666666665,0.050666666666666665,0.0011111111111111111,0.05466666666666667,0.03777777777777778,0.03777777777777778,0.00044444444444444447,0.009555555555555555,0.039599999999999996,0.03088888888888889,0.0010222222222222221,0.05368888888888888,13.4962890625,13.4962890625,,10.568412698412697,13.954967532467533,15.88468253968254,18.33622950819672,10.568412698412697,14.59222222222222,14.85152,,12.771346153846155,13.63725888324873,13.63725888324873,,,13.4962890625,13.4962890625,,11.620258620689656,13.641089743589745,13.641089743589745,,14.88488888888889,13.864365488805646,14.302168045804203,,,256.0,256.0,0.0,252.0,308.0,378.0,122.0,252.0,252.0,250.0,0.0,104.0,394.0,394.0,0.0,0.0,256.0,256.0,0.0,116.0,312.0,312.0,0.0,90.0,304.4,318.0,24.4,112.4,0.17,0.17,0.12,0.32,0.16,0.14,0.18,0.32,0.14,0.13,0.13,0.18,0.16,0.16,0.12,0.11,0.17,0.17,0.12,0.21,0.16,0.16,0.13,0.16,0.15800000000000003,0.15200000000000002,0.136,0.196,0.1,0.1,0.09,0.08,0.08,0.07,0.1,0.1,0.1,0.1,0.1,0.1,0.094,0.09
246-260,42.790533333333336,42.790533333333336,55.93013333333334,51.86826666666667,42.790533333333336,42.790533333333336,40.3,42.19746666666667,38.666266666666665,38.666266666666665,36.91773333333333,39.64373333333333,37.57999999999999,37.57999999999999,55.93013333333334,51.86826666666667,37.669466666666665,37.696133333333336,47.18866666666667,46.4512,38.52346666666666,38.52346666666666,44.702,36.54466666666667,39.045946666666666,39.05128,45.007706666666664,43.34106666666667,0.030303030303030318,0.030303030303030318,,,0.030303030303030318,0.030303030303030318,0.09999999999999998,0.1156372549019608,,,0.17472222222222222,,0.038226950354609913,0.038226950354609913,,,,,0.0477380952380952,0.11615624999999999,0.042857142857142864,0.042857142857142864,0.025833333333333302,0.06016666666666669,,,,,0.0024444444444444444,0.0024444444444444444,0.0,0.0,0.0024444444444444444,0.0024444444444444444,0.00022222222222222223,0.034,0.0,0.0,0.0013333333333333333,0.0,0.010444444444444444,0.010444444444444444,0.0,0.0,0.0,0.0,0.0015555555555555555,0.05333333333333334,0.004666666666666667,0.004666666666666667,0.0006666666666666666,0.0033333333333333335,0.0035111111111111107,0.0035111111111111107,0.0007555555555555555,0.018133333333333335,15.526424242424241,15.526424242424241,27.47014705882353,,15.526424242424241,15.526424242424241,19.8545,14.853454545454547,16.958252032520328,16.958252032520328,17.43631578947368,20.674999999999997,15.163425925925926,15.163425925925926,27.47014705882353,,16.80422018348624,16.740140186915887,,12.435394736842106,14.963333333333333,14.963333333333333,,13.915,15.883131143538014,15.870315144223946,,,330.0,330.0,68.0,0.0,330.0,330.0,20.0,220.0,246.0,246.0,38.0,2.0,216.0,216.0,68.0,0.0,218.0,214.0,0.0,152.0,252.0,252.0,0.0,4.0,252.4,251.6,25.2,75.6,0.18,0.18,0.12,0.12,0.18,0.18,0.17,0.24,0.16,0.16,0.14,0.13,0.16,0.16,0.12,0.12,0.16,0.16,0.12,0.21,0.16,0.16,0.12,0.14,0.164,0.164,0.134,0.16799999999999998,0.09,0.09,0.09,0.09,0.07,0.07,0.08,0.08,0.07,0.07,0.07,0.07,0.076,0.076
249-263,48.672666666666665,48.672666666666665,47.40853333333333,48.26253333333334,44.976000000000006,45.40546666666666,39.74346666666666,44.09186666666667,48.672666666666665,48.672666666666665,37.1536,43.973200000000006,43.49280000000001,42.132400000000004,47.40853333333333,48.26253333333334,46.571466666666666,46.571466666666666,44.418000000000006,43.5436,39.41546666666667,38.92386666666667,37.07386666666667,36.30946666666666,44.62568,44.34117333333333,41.15949333333334,43.236133333333335,0.08240628166160081,0.08240628166160081,0.10116666666666667,,0.057066276803118904,0.06037280701754386,0.13988095238095238,,0.08240628166160081,0.08240628166160081,0.06479166666666664,,0.06312666666666668,0.05956214689265538,0.10116666666666667,,0.07741797900262468,0.07741797900262468,0.114375,,0.033425925925925935,0.02300000000000002,0.08208333333333333,0.029583333333333295,0.06268862601198741,0.060551842914884954,0.1004595238095238,,0.07311111111111111,0.07311111111111111,0.0011111111111111111,0.0,0.038,0.050666666666666665,0.0015555555555555555,0.0,0.07311111111111111,0.07311111111111111,0.0008888888888888889,0.0,0.027777777777777776,0.026222222222222223,0.0011111111111111111,0.0,0.05644444444444444,0.05644444444444444,0.0017777777777777779,0.0,0.002,0.0011111111111111111,0.0013333333333333333,0.00044444444444444447,0.039466666666666664,0.04151111111111111,0.0013333333333333335,8.888888888888889e-05,13.588333333333333,13.588333333333333,,,13.927701149425287,14.886139705882352,23.6475,,13.588333333333333,13.588333333333333,21.18,,14.108846153846153,14.175860215053763,,,13.798507462686567,13.798507462686567,,,15.867100591715976,16.335923076923077,,18.4875,14.258097738201462,14.556952758775818,,,144.0,144.0,0.0,0.0,174.0,272.0,32.0,0.0,144.0,144.0,2.0,0.0,156.0,186.0,0.0,0.0,134.0,134.0,0.0,0.0,338.0,390.0,0.0,16.0,189.2,225.2,6.8,3.2,0.24,0.24,0.1,0.11,0.21,0.22,0.14,0.14,0.24,0.24,0.12,0.12,0.21,0.21,0.1,0.11,0.23,0.23,0.11,0.12,0.18,0.18,0.11,0.13,0.21399999999999997,0.21599999999999997,0.11599999999999999,0.124,0.13,0.13,0.1,0.11,0.13,0.13,0.11,0.1,0.13,0.13,0.08,0.08,0.11000000000000001,0.10999999999999999
252-266,40.692400000000006,39.867466666666665,54.5364,40.07026666666667,36.01586666666667,36.9552,38.4572,35.70493333333333,41.68680000000001,41.7108,54.5364,33.81133333333333,36.6976,36.46266666666667,40.434133333333335,40.07026666666667,40.692400000000006,39.867466666666665,37.63013333333333,36.86226666666667,39.08533333333333,37.19786666666666,29.2916,35.255199999999995,38.8356,38.4388,40.069893333333326,36.3408,0.011250000000000038,,0.316455561241897,,,,0.0825,0.09503875968992248,,,0.316455561241897,0.08984567901234568,,,,,0.011250000000000038,,0.010833333333333361,0.08480286738351255,,,,0.060158730158730175,,,,,0.00044444444444444447,0.0,0.43422222222222223,0.0,0.0,0.0,0.014,0.009555555555555555,0.0,0.0,0.43422222222222223,0.006,0.0,0.0,0.0,0.0,0.00044444444444444447,0.0,0.00022222222222222223,0.020666666666666667,0.0,0.0,0.0,0.004666666666666667,8.888888888888889e-05,0.0,0.0896888888888889,0.008177777777777779,17.380520833333335,17.916170212765955,6.8575935828877,,18.191172839506173,18.77423076923077,15.839075342465755,16.053515151515153,16.4837037037037,16.407735849056607,6.8575935828877,15.448636363636362,17.182966101694916,17.411929824561405,,,17.380520833333335,17.916170212765955,,13.460153846153844,17.323392857142856,17.91375,18.850391304347827,16.933894736842106,17.312351267076195,17.684763331122944,,,192.0,188.0,374.0,0.0,162.0,130.0,292.0,330.0,108.0,106.0,374.0,198.0,118.0,114.0,0.0,0.0,192.0,188.0,0.0,130.0,168.0,152.0,230.0,190.0,149.6,138.0,179.2,169.6,0.2,0.2,0.42,0.1,0.17,0.17,0.19,0.17,0.19,0.19,0.42,0.15,0.17,0.17,0.11,0.1,0.2,0.2,0.11,0.18,0.18,0.17,0.13,0.16,0.182,0.18,0.192,0.15200000000000002,0.07,0.07,0.06,0.06,0.07,0.07,0.06,0.06,0.07,0.07,0.06,0.06,0.064,0.064
255-269,34.17293333333334,34.17293333333334,55.35106666666667,38.735066666666654,36.8896,36.8896,39.37199999999999,33.00973333333334,38.30973333333333,36.49493333333333,40.4552,38.735066666666654,34.17293333333334,34.17293333333334,44.5812,34.574,36.55893333333334,34.7412,55.35106666666667,35.55466666666667,34.29693333333334,33.6256,35.150666666666666,33.56493333333333,36.04562666666667,35.18485333333333,42.98202666666667,35.08768,,,0.2665397923875433,0.1805704099821747,,,0.1378333333333333,0.23399999999999999,,,0.16129504504504508,0.1805704099821747,,,0.12205128205128207,,,,0.2665397923875433,0.057743055555555554,,,0.060000000000000005,0.07093333333333335,,,0.14954389056344075,,0.0,0.0,0.06422222222222222,0.16622222222222222,0.0,0.0,0.0011111111111111111,0.0011111111111111111,0.0,0.0,0.016444444444444446,0.16622222222222222,0.0,0.0,0.0057777777777777775,0.0,0.0,0.0,0.06422222222222222,0.005333333333333333,0.0,0.0,0.002,0.005555555555555556,0.0,0.0,0.01791111111111111,0.035644444444444444,18.232954545454547,18.232954545454547,,10.662909604519774,18.142923076923076,18.142923076923076,,18.99947619047619,18.52466216216216,19.911301369863015,,10.662909604519774,18.232954545454547,18.232954545454547,,,20.592058823529413,20.41828947368421,,15.941263157894738,18.891688311688313,19.401515151515152,,16.68777777777778,18.8768573839515,19.221396723488002,,,132.0,132.0,0.0,354.0,130.0,130.0,0.0,210.0,148.0,146.0,0.0,354.0,132.0,132.0,0.0,0.0,340.0,228.0,0.0,190.0,154.0,132.0,0.0,144.0,180.8,153.6,0.0,179.6,0.13,0.13,0.22,0.27,0.14,0.14,0.14,0.13,0.14,0.13,0.16,0.27,0.13,0.13,0.15,0.11,0.16,0.13,0.22,0.16,0.13,0.12,0.13,0.14,0.14,0.13,0.16,0.162,0.05,0.05,0.05,0.05,0.05,0.05,0.05,0.05,0.05,0.04,0.05,0.05,0.05,0.04800000000000001
258-272,37.199333333333335,37.14026666666667,45.2532,40.10653333333334,37.199333333333335,37.14026666666667,44.32866666666667,37.590666666666664,31.673866666666665,31.6536,38.34133333333334,34.0008,30.985866666666663,31.21400000000001,45.2532,40.10653333333334,32.06746666666667,32.126,40.7632,35.27320000000001,30.87226666666667,30.43826666666667,31.924133333333334,29.780533333333334,32.55976,32.514426666666665,40.12210666666667,35.35034666666667,0.0374537037037037,0.03799019607843137,0.10385416666666665,,0.0374537037037037,0.03799019607843137,0.05366666666666668,,,,0.06777777777777776,,,,0.10385416666666665,,,,0.09091666666666665,,,,0.03833333333333344,,,,0.07090972222222224,,0.008,0.007555555555555556,0.0017777777777777779,0.0,0.008,0.007555555555555556,0.0011111111111111111,0.0,0.0,0.0,0.0006666666666666666,0.0,0.0,0.0,0.0017777777777777779,0.0,0.0,0.0,0.0022222222222222222,0.0,0.0,0.0,0.00022222222222222223,0.0,0.0016,0.001511111111111111,0.0012000000000000001,0.0,15.527619047619048,15.640333333333333,28.69,,15.527619047619048,15.640333333333333,26.384999999999998,23.548,17.261058823529414,17.46393939393939,,,18.342596153846156,17.593154761904763,28.69,,17.531142857142857,17.19135,,,19.33645631067961,19.37084,,,17.599774638563417,17.451923497835498,,,126.0,120.0,6.0,0.0,126.0,120.0,2.0,10.0,170.0,198.0,0.0,0.0,104.0,168.0,6.0,0.0,210.0,200.0,0.0,0.0,206.0,250.0,0.0,0.0,163.2,187.2,1.6,2.0,0.14,0.15,0.1,0.1,0.14,0.15,0.12,0.15,0.11,0.11,0.12,0.13,0.11,0.11,0.1,0.1,0.12,0.12,0.12,0.12,0.1,0.1,0.11,0.11,0.11599999999999999,0.118,0.11399999999999999,0.122,0.07,0.07,0.07,0.07,0.05,0.05,0.05,0.05,0.07,0.07,0.04,0.04,0.05600000000000001,0.05600000000000001
261-275,32.498000000000005,32.95333333333334,51.620666666666665,39.118133333333326,32.498000000000005,32.95333333333334,38.28453333333333,38.258933333333324,27.407733333333333,27.49626666666667,51.620666666666665,33.45026666666667,31.697066666666665,29.370933333333337,43.0792,39.118133333333326,28.99053333333333,29.184400000000004,37.02426666666666,36.744,28.43146666666667,27.677333333333337,29.452266666666667,27.233599999999996,29.80496,29.33645333333334,39.89218666666667,34.96098666666666,0.027361111111111114,0.04182291666666667,0.25461538461538463,,0.027361111111111114,0.04182291666666667,0.06916666666666664,,,,0.25461538461538463,,,,0.13354166666666667,,,,0.11760416666666666,,,,0.1333333333333333,,,,0.14165224358974357,,0.0013333333333333333,0.0071111111111111115,0.2946666666666667,0.0,0.0013333333333333333,0.0071111111111111115,0.0006666666666666666,0.0,0.0,0.0,0.2946666666666667,0.0,0.0,0.0,0.0008888888888888889,0.0,0.0,0.0,0.0017777777777777779,0.0,0.0,0.0,0.00022222222222222223,0.0,0.0002666666666666667,0.0014222222222222223,0.059644444444444444,0.0,16.535284090909094,15.537370030581037,8.49934375,26.1925,16.535284090909094,15.537370030581037,,,16.97836879432624,16.456031746031748,8.49934375,18.775,16.177470588235295,17.368733153638814,26.255,26.1925,17.194342105263157,18.47830357142857,,,17.143257261410792,17.648397887323945,16.785,25.41225,16.805744568028917,17.097767277800823,,,528.0,654.0,320.0,4.0,528.0,654.0,0.0,0.0,282.0,252.0,320.0,2.0,340.0,742.0,2.0,4.0,152.0,112.0,0.0,0.0,482.0,568.0,6.0,80.0,356.8,465.6,65.6,17.2,0.12,0.12,0.37,0.11,0.12,0.12,0.13,0.15,0.09,0.09,0.37,0.13,0.12,0.11,0.1,0.11,0.1,0.1,0.11,0.12,0.1,0.1,0.11,0.12,0.10599999999999998,0.10400000000000001,0.16399999999999998,0.126,0.07,0.07,0.07,0.07,0.04,0.04,0.06,0.06,0.05,0.05,0.05,0.05,0.054000000000000006,0.054000000000000006
264-278,51.15213333333334,51.65453333333333,49.224533333333326,32.791466666666665,52.5712,51.65453333333333,46.65373333333333,29.446533333333335,51.15213333333334,43.482533333333336,49.318266666666666,32.791466666666665,34.590133333333334,36.2076,48.25386666666667,31.860400000000002,51.50213333333333,43.79986666666667,49.224533333333326,28.46453333333333,45.412533333333336,45.216,40.39333333333333,26.85,47.04562666666667,44.07210666666667,46.768746666666665,29.88258666666666,0.1780036447978794,0.13397790404040402,0.19894238205723122,,0.13029491945477076,0.13397790404040402,0.16577464788732393,,0.1780036447978794,0.11928659742828883,0.2070623063302346,,0.09140070921985814,0.1166541978387365,0.1708835927367056,,0.14488274432809772,0.05847711267605634,0.19894238205723122,,0.12319738480697386,0.1220816733067729,0.13600202942668696,,0.13355588052151596,0.1100954970580517,0.17573299168763645,,0.22355555555555556,0.29333333333333333,0.28733333333333333,0.0,0.29888888888888887,0.29333333333333333,0.23666666666666666,0.0,0.22355555555555556,0.1497777777777778,0.33466666666666667,0.0,0.041777777777777775,0.08911111111111111,0.22844444444444445,0.0,0.33955555555555555,0.06311111111111112,0.28733333333333333,0.0,0.17844444444444443,0.16733333333333333,0.146,0.0,0.21644444444444444,0.15253333333333335,0.24662222222222221,0.0,8.51423076923077,10.352365269461076,10.55439024390244,18.369999999999997,10.056967741935484,10.352365269461076,11.99653110047847,24.550555555555565,8.51423076923077,11.026909090909092,9.931848341232227,18.369999999999997,14.047639484978543,11.920524193548387,11.478453608247424,23.739,9.64367132867133,12.824913793103448,10.55439024390244,,11.840105263157895,12.224166666666667,12.548886138613861,17.83804347826087,10.820522917594804,11.669775802737735,11.302021886494884,,260.0,334.0,410.0,2.0,310.0,334.0,418.0,54.0,260.0,330.0,422.0,2.0,466.0,248.0,388.0,70.0,286.0,348.0,410.0,0.0,190.0,192.0,404.0,46.0,302.4,290.4,408.4,34.4,0.27,0.27,0.36,0.12,0.26,0.27,0.36,0.13,0.27,0.19,0.4,0.12,0.15,0.17,0.33,0.1,0.27,0.22,0.36,0.1,0.24,0.24,0.3,0.13,0.238,0.21799999999999997,0.35000000000000003,0.11599999999999999,0.19,0.17,0.16,0.17,0.19,0.12,0.09,0.11,0.19,0.13,0.14,0.14,0.15399999999999997,0.134
267-281,35.33426666666667,35.33426666666667,52.15666666666667,49.225733333333324,43.45706666666666,42.72453333333333,47.787866666666666,40.71040000000001,36.385466666666666,36.385466666666666,52.15666666666667,49.225733333333324,35.33426666666667,35.33426666666667,42.15839999999999,36.73146666666666,35.747600000000006,35.44253333333333,46.26853333333334,46.644666666666666,36.394533333333335,36.394533333333335,44.382,44.3228,37.46378666666667,37.25626666666666,46.550693333333335,43.52701333333333,0.10160665294924555,0.10160665294924555,0.29048252477829944,0.2899358232001544,0.060624999999999984,0.06882291666666666,0.21414563388453728,0.14688443072702334,0.07648373983739837,0.07648373983739837,0.29048252477829944,0.2899358232001544,0.10160665294924555,0.10160665294924555,0.15445457796852646,0.09568666666666667,0.05335034013605442,0.06484276729559749,0.2451076696165192,0.22188677788075378,0.08126151012891343,0.08126151012891343,0.23594609724888038,0.18532530454042082,0.07466544861032234,0.07860351737556429,0.22802730069935256,0.1879438006030038,0.108,0.108,0.426,0.3837777777777778,0.021333333333333333,0.017777777777777778,0.25533333333333336,0.108,0.036444444444444446,0.036444444444444446,0.426,0.3837777777777778,0.108,0.108,0.10355555555555555,0.027777777777777776,0.010888888888888889,0.011777777777777778,0.2511111111111111,0.23977777777777778,0.08044444444444444,0.08044444444444444,0.23155555555555554,0.13377777777777777,0.05142222222222222,0.050888888888888886,0.25351111111111113,0.1786222222222222,11.300645161290323,11.300645161290323,7.591390374331551,7.90065445026178,14.683,14.871838235294117,10.893068783068783,12.514020979020978,13.104340659340657,13.104340659340657,7.591390374331551,7.90065445026178,11.300645161290323,11.300645161290323,11.345273437499998,13.672319587628868,16.1087890625,16.870864661654135,9.35201219512195,9.56728476821192,11.94201438848921,11.94201438848921,9.256676470588236,10.738884615384615,13.427757854324037,13.617940621213688,9.687684252122102,10.878632880101632,248.0,248.0,374.0,382.0,140.0,136.0,378.0,286.0,182.0,182.0,374.0,382.0,248.0,248.0,256.0,194.0,256.0,266.0,328.0,302.0,278.0,278.0,340.0,260.0,220.8,222.0,335.2,284.8,0.18,0.18,0.4,0.37,0.18,0.18,0.34,0.25,0.17,0.17,0.4,0.37,0.18,0.18,0.25,0.19,0.17,0.17,0.33,0.31,0.17,0.17,0.31,0.24,0.17400000000000002,0.17400000000000002,0.326,0.272,0.1,0.1,0.08,0.08,0.09,0.09,0.1,0.1,0.08,0.08,0.1,0.1,0.09000000000000001,0.09000000000000001
270-284,49.18906666666666,49.18906666666666,56.48573333333332,47.85973333333333,49.18906666666666,49.18906666666666,46.4472,42.992266666666666,36.91759999999999,36.93013333333333,56.48573333333332,47.85973333333333,36.7952,36.7952,52.3704,44.835066666666656,40.6448,40.6448,52.11493333333333,49.18546666666667,39.857866666666666,39.857866666666666,50.53986666666667,44.15186666666666,40.680906666666665,40.683413333333334,51.59162666666666,45.80487999999999,0.14160096032347735,0.14160096032347735,0.3353548915784165,0.259340108401084,0.14160096032347735,0.14160096032347735,0.22433349221480775,0.1982184602982668,0.09757619974059663,0.09759832366215346,0.3353548915784165,0.259340108401084,0.11396322378716746,0.11396322378716746,0.24864121280179677,0.15015487938596492,0.11362992474546259,0.11362992474546259,0.2636927052857422,0.2426207280832095,0.12744123178185238,0.12744123178185238,0.2406979720417405,0.19168170103092785,0.11884230807571128,0.11884673286002265,0.2625440547845007,0.20840317543989065,0.2931111111111111,0.2931111111111111,0.5875555555555556,0.41,0.2931111111111111,0.2931111111111111,0.2331111111111111,0.1837777777777778,0.11422222222222222,0.11488888888888889,0.5875555555555556,0.41,0.142,0.142,0.3957777777777778,0.1351111111111111,0.16733333333333333,0.16733333333333333,0.37977777777777777,0.2991111111111111,0.15755555555555556,0.15755555555555556,0.37622222222222224,0.17244444444444446,0.17484444444444444,0.17497777777777776,0.3944888888888889,0.24008888888888888,9.682825000000001,9.682825000000001,6.457099056603774,8.28046568627451,9.682825000000001,9.682825000000001,11.439145728643215,11.72875,11.353426573426574,11.181333333333333,6.457099056603774,8.28046568627451,11.135833333333334,11.135833333333334,8.242973684210526,11.106615853658537,11.264722222222222,11.264722222222222,8.073743455497382,8.890972972972973,11.45359756097561,11.45359756097561,8.879826732673267,10.975086705202312,10.978080937991546,10.9436622899729,8.618557731525632,10.196378243621666,400.0,400.0,424.0,408.0,400.0,400.0,398.0,376.0,286.0,270.0,424.0,408.0,264.0,264.0,380.0,328.0,396.0,396.0,382.0,370.0,328.0,328.0,404.0,346.0,334.8,331.6,397.6,365.6,0.24,0.24,0.46,0.36,0.24,0.24,0.35,0.29,0.18,0.18,0.46,0.36,0.19,0.19,0.38,0.26,0.2,0.2,0.38,0.32,0.2,0.2,0.38,0.27,0.202,0.202,0.38999999999999996,0.3,0.18,0.18,0.18,0.18,0.1,0.1,0.12,0.12,0.13,0.13,0.14,0.14,0.134,0.134
273-287,53.382,53.501733333333334,65.29346666666667,48.52733333333333,49.741733333333336,51.89293333333333,59.83906666666667,46.39679999999999,31.487333333333336,28.284666666666666,54.556000000000004,48.37733333333333,47.80466666666666,30.451600000000006,58.43919999999999,46.73466666666666,53.26573333333333,44.419866666666664,65.29346666666667,48.52733333333333,53.382,53.501733333333334,53.7404,42.74133333333333,47.136293333333334,41.710159999999995,58.37362666666668,46.55549333333333,0.18971729957805908,0.21330052493438323,0.35074160811865734,0.2425128205128205,0.1425956937799043,0.11884727961432508,0.30426259416195856,0.22781007751937987,,,0.3150344587759231,0.2576982699554642,0.1646880733944954,0.03333333333333333,0.27111040876527603,0.1821780921291259,0.16388120839733744,0.12758574490889604,0.35074160811865734,0.2425128205128205,0.18971729957805908,0.21330052493438323,0.23372770562770565,0.13309252217997464,,,0.29497535508990413,0.20865835645935302,0.3511111111111111,0.3668888888888889,0.6642222222222223,0.27444444444444444,0.13933333333333334,0.21511111111111111,0.6293333333333333,0.30577777777777776,0.0,0.0,0.5857777777777777,0.43244444444444446,0.24222222222222223,0.003777777777777778,0.5273333333333333,0.20422222222222222,0.28933333333333333,0.13822222222222222,0.6642222222222223,0.27444444444444444,0.3511111111111111,0.3668888888888889,0.42777777777777776,0.11688888888888889,0.2044,0.14479999999999998,0.5668888888888888,0.2667555555555555,12.198264705882352,12.762762430939226,5.453341708542713,8.907908163265306,13.774323308270676,12.334097222222223,7.151798029556651,10.065344827586205,15.307990654205607,18.172686567164178,6.297720588235293,7.9010280373831785,11.4286,16.752151162790696,7.129759615384615,10.39490338164251,10.980370370370371,14.89965034965035,5.453341708542713,8.907908163265306,12.198264705882352,12.762762430939226,8.38545238095238,11.66386111111111,12.737909807745801,14.984269546553335,6.88361446453433,9.786609104197662,340.0,362.0,398.0,392.0,266.0,144.0,406.0,406.0,214.0,134.0,408.0,428.0,200.0,172.0,416.0,414.0,216.0,286.0,398.0,392.0,340.0,362.0,420.0,360.0,247.2,219.6,409.6,400.0,0.32,0.35,0.51,0.32,0.26,0.26,0.46,0.32,0.14,0.12,0.43,0.33,0.29,0.12,0.41,0.28,0.3,0.25,0.51,0.32,0.32,0.35,0.4,0.23,0.262,0.22000000000000003,0.442,0.296,0.24,0.26,0.18,0.16,0.08,0.06,0.2,0.07,0.21,0.16,0.24,0.26,0.182,0.14200000000000002
276-290,45.053333333333335,36.72173333333333,61.048400000000015,47.763733333333334,32.8684,32.2756,44.258,42.26826666666667,34.94733333333333,32.846933333333325,61.048400000000015,47.763733333333334,36.72173333333333,36.72173333333333,38.142133333333334,35.0624,45.053333333333335,35.971333333333334,46.24733333333333,39.67973333333334,32.330400000000004,33.287733333333335,32.220533333333336,36.256666666666675,36.38424,34.220666666666666,44.38328,40.20616,0.13849349710982659,0.10275762355415351,0.373829500725088,0.24533923705722072,0.05692307692307694,0.06355820105820105,0.16622781065088757,0.12685766836445952,0.0753138528138528,0.0723936170212766,0.373829500725088,0.24533923705722072,0.10275762355415351,0.10275762355415351,,,0.13849349710982659,0.08803468208092487,0.18376500461680517,0.11564719358533793,0.08327519379844961,0.07434941520467836,0.08105324074074075,0.10303894927536232,0.09135264883987189,0.08021870778384688,,,0.1537777777777778,0.07044444444444445,0.7151111111111111,0.4077777777777778,0.017333333333333333,0.014,0.18777777777777777,0.1308888888888889,0.01711111111111111,0.010444444444444444,0.7151111111111111,0.4077777777777778,0.07044444444444445,0.07044444444444445,0.0,0.0,0.1537777777777778,0.03844444444444445,0.16044444444444445,0.06466666666666666,0.028666666666666667,0.025333333333333333,0.016,0.04088888888888889,0.05746666666666668,0.031733333333333336,0.21586666666666665,0.12884444444444443,11.887354838709678,14.817011494252872,5.353309859154929,8.456091370558376,16.374425675675674,16.556195652173916,11.770951086956524,13.012875647668395,16.04768595041322,15.542466666666666,5.353309859154929,8.456091370558376,14.817011494252872,14.817011494252872,15.818000000000001,21.0775,11.887354838709678,15.026781249999999,10.532664233576643,12.348922413793103,15.308925619834712,15.957870967741934,14.887027027027026,13.363369565217392,14.88708071577723,15.580065206167077,11.672390441343024,13.651751799447453,310.0,348.0,426.0,394.0,296.0,276.0,368.0,386.0,242.0,150.0,426.0,394.0,348.0,348.0,10.0,4.0,310.0,320.0,274.0,232.0,242.0,310.0,148.0,276.0,287.6,280.8,245.2,258.4,0.24,0.19,0.51,0.36,0.16,0.16,0.27,0.25,0.17,0.16,0.51,0.36,0.19,0.19,0.12,0.11,0.24,0.18,0.27,0.2,0.17,0.17,0.16,0.17,0.186,0.172,0.26599999999999996,0.21799999999999997,0.17,0.12,0.08,0.08,0.09,0.09,0.12,0.12,0.17,0.11,0.09,0.1,0.10999999999999999,0.1
279-293,48.7128,48.4372,33.763200000000005,37.98173333333333,41.00279999999999,38.694266666666664,28.87613333333333,34.4504,44.962133333333334,44.962133333333334,30.163066666666662,31.834666666666667,41.36826666666667,38.338800000000006,33.763200000000005,31.733466666666665,48.7128,48.4372,29.334266666666668,37.98173333333333,39.169599999999996,39.169599999999996,31.892266666666668,38.44239999999999,43.04312,41.9204,30.805786666666666,34.88853333333333,0.12473773265651439,0.12646014043783563,,0.09845015576323987,0.043698412698412695,0.03013888888888889,,0.047847222222222215,0.06239738805970149,0.06239738805970149,0.09458333333333335,0.06746794871794871,0.08060437293729372,0.07473520249221186,,,0.12473773265651439,0.12646014043783563,,0.09845015576323987,0.04730088495575221,0.04730088495575221,0.08320512820512821,0.13259500542888167,0.0717477582615349,0.068206500966878,,,0.1751111111111111,0.17933333333333334,0.0,0.023777777777777776,0.023333333333333334,0.012,0.0,0.0026666666666666666,0.059555555555555556,0.059555555555555556,0.00044444444444444447,0.0057777777777777775,0.08977777777777778,0.04755555555555555,0.0,0.0,0.1751111111111111,0.17933333333333334,0.0,0.023777777777777776,0.025111111111111112,0.025111111111111112,0.0057777777777777775,0.06822222222222223,0.07457777777777777,0.06471111111111112,0.0012444444444444443,0.02008888888888889,11.991626984126986,11.889491525423727,,13.372395833333334,14.238561643835617,15.53449275362319,19.891309523809518,17.647709677419357,13.451666666666668,13.451666666666668,19.120757575757576,15.821750000000002,12.71668674698795,14.238287037037036,,19.260909090909095,11.991626984126986,11.889491525423727,21.537499999999998,13.372395833333334,13.990185185185187,13.990185185185187,15.892436974789916,12.44252808988764,13.277745445360484,13.820824633587161,,15.709058538309886,252.0,236.0,0.0,96.0,146.0,138.0,84.0,310.0,186.0,186.0,66.0,120.0,166.0,216.0,0.0,44.0,252.0,236.0,4.0,96.0,162.0,162.0,238.0,178.0,182.4,187.6,78.4,149.6,0.28,0.28,0.12,0.19,0.2,0.18,0.14,0.16,0.22,0.22,0.14,0.16,0.21,0.19,0.12,0.12,0.28,0.28,0.11,0.19,0.19,0.19,0.19,0.2,0.22000000000000003,0.21200000000000002,0.13999999999999999,0.166,0.18,0.17,0.1,0.08,0.12,0.12,0.12,0.1,0.18,0.17,0.1,0.1,0.124,0.11400000000000002
282-296,39.958133333333336,39.958133333333336,39.05226666666666,39.63746666666666,36.30733333333333,36.30733333333333,35.6576,34.0436,37.94799999999999,37.94799999999999,39.05226666666666,39.63746666666666,38.2568,38.258,29.579599999999996,32.245733333333334,36.9572,36.47706666666667,33.03346666666667,39.00546666666666,39.958133333333336,39.958133333333336,37.373066666666666,39.87786666666668,37.885493333333336,37.78970666666667,34.9392,36.96202666666666,0.048888888888888885,0.048888888888888885,0.14031455862977602,0.15631933003844042,,,0.04927083333333331,0.06041666666666668,,,0.14031455862977602,0.15631933003844042,0.0029166666666666785,0.0020833333333332704,,,0.03979166666666667,0.04333333333333331,0.061130952380952404,0.10266949152542372,0.048888888888888885,0.048888888888888885,0.11135747938751472,0.12896632566069904,,,,,0.009333333333333334,0.009333333333333334,0.11244444444444444,0.1348888888888889,0.0,0.0,0.0035555555555555557,0.0057777777777777775,0.0,0.0,0.11244444444444444,0.1348888888888889,0.00044444444444444447,0.00044444444444444447,0.0,0.0,0.0017777777777777779,0.002,0.003111111111111111,0.03933333333333333,0.009333333333333334,0.009333333333333334,0.06288888888888888,0.08688888888888889,0.0023111111111111114,0.002355555555555556,0.0364,0.05337777777777778,14.365174418604647,14.365174418604647,12.247130177514792,11.576648044692739,15.563483146067417,15.563483146067417,16.99598901098901,16.364833333333333,15.400547945205476,15.400547945205476,12.247130177514792,11.576648044692739,14.490641025641025,14.502721518987343,18.202857142857145,,15.655389610389612,15.739629629629631,16.27722222222222,13.422820512820513,14.365174418604647,14.365174418604647,13.36752,12.934263565891472,15.095047229181636,15.114311331698904,15.418143710716635,,172.0,172.0,338.0,358.0,178.0,178.0,182.0,180.0,146.0,146.0,338.0,358.0,156.0,158.0,14.0,0.0,154.0,162.0,54.0,156.0,172.0,172.0,250.0,258.0,161.2,163.2,167.6,190.4,0.18,0.18,0.25,0.25,0.15,0.15,0.17,0.17,0.16,0.16,0.25,0.25,0.17,0.17,0.12,0.11,0.16,0.16,0.15,0.19,0.18,0.18,0.21,0.22,0.164,0.164,0.18,0.188,0.09,0.09,0.07,0.07,0.07,0.07,0.08,0.08,0.07,0.07,0.09,0.09,0.076,0.076
285-299,37.573466666666675,32.82893333333333,64.62586666666667,47.8864,37.573466666666675,30.92453333333333,51.849066666666666,31.564533333333337,29.542533333333328,29.05933333333333,64.62586666666667,47.8864,33.33186666666666,32.82893333333333,30.92346666666667,33.38826666666667,31.045066666666667,31.836266666666663,47.39093333333333,39.57733333333333,33.0988,32.78893333333334,37.58293333333333,36.9828,32.918346666666665,31.487599999999997,46.47445333333333,37.87986666666667,0.0658235294117647,,0.3965357989568516,0.2516804444444445,0.0658235294117647,,0.1764345803642122,0.06615591397849464,,,0.3965357989568516,0.2516804444444445,,,,,,,0.18445755490003277,0.1339033107599699,,,0.10196531791907515,0.10489361702127659,,,,,0.03777777777777778,0.0,0.7811111111111111,0.4166666666666667,0.03777777777777778,0.0,0.37422222222222223,0.006888888888888889,0.0,0.0,0.7811111111111111,0.4166666666666667,0.0,0.0,0.0,0.0,0.0,0.0,0.226,0.09844444444444445,0.0,0.0,0.0768888888888889,0.03133333333333333,0.007555555555555556,0.0,0.29164444444444443,0.11066666666666666,12.537923728813558,16.972579365079365,5.419285714285715,8.423762376237624,12.537923728813558,19.392248803827755,10.280566037735849,16.653131313131315,21.985670731707316,22.976904761904763,5.419285714285715,8.423762376237624,17.167245762711865,16.972579365079365,22.122500000000002,19.304285714285715,19.647763157894737,18.3258,10.487630208333334,12.295454545454545,16.864741379310345,17.17054545454545,12.975895953757226,14.28503623188406,17.640668952087566,18.967615677071468,12.257175582822425,14.192334036198654,236.0,252.0,420.0,404.0,236.0,418.0,424.0,396.0,164.0,84.0,420.0,404.0,236.0,252.0,8.0,28.0,152.0,100.0,384.0,286.0,116.0,110.0,346.0,276.0,180.8,192.8,316.4,278.0,0.15,0.12,0.53,0.4,0.15,0.1,0.36,0.18,0.09,0.09,0.53,0.4,0.12,0.12,0.1,0.12,0.1,0.1,0.31,0.19,0.11,0.11,0.23,0.18,0.11399999999999999,0.10400000000000001,0.306,0.21400000000000002,0.09,0.06,0.09,0.05,0.03,0.03,0.06,0.06,0.04,0.04,0.06,0.06,0.05600000000000001,0.048
288-302,39.311866666666674,30.057866666666662,43.535866666666664,36.348000000000006,37.30720000000001,36.84706666666666,36.47533333333333,37.07066666666666,31.8372,28.949600000000004,43.535866666666664,31.16133333333334,29.647199999999998,28.992800000000006,37.45826666666667,36.348000000000006,39.311866666666674,30.057866666666662,30.51679999999999,33.032000000000004,32.76200000000001,34.96359999999999,31.85346666666667,28.564666666666664,34.17309333333334,31.96218666666666,35.96794666666666,33.23533333333334,0.11296012269938652,,0.13553808948004836,,,,0.0728333333333333,,0.014583333333333337,,0.13553808948004836,,,,0.12895833333333329,,0.11296012269938652,,0.1389583333333333,,,,0.05699999999999998,,,,0.10665761789600965,,0.036222222222222225,0.0,0.1837777777777778,0.0,0.0,0.0,0.0011111111111111111,0.0,0.00044444444444444447,0.0,0.1837777777777778,0.0,0.0,0.0,0.0008888888888888889,0.0,0.036222222222222225,0.0,0.0008888888888888889,0.0,0.0,0.0,0.0033333333333333335,0.0,0.007333333333333333,0.0,0.038,0.0,14.489864130434784,17.589497487437185,10.719331210191083,28.11,17.08025510204082,16.886344086021506,17.519,21.955,18.628962264150942,20.49759459459459,10.719331210191083,19.584999999999997,18.240574712643678,18.787545871559633,,28.11,14.489864130434784,17.589497487437185,17.3575,23.86,18.593155737704915,17.394058823529413,16.690824742268042,,17.406562389395027,18.231008172628464,,,368.0,398.0,314.0,2.0,196.0,186.0,10.0,2.0,318.0,370.0,314.0,30.0,522.0,436.0,0.0,2.0,368.0,398.0,72.0,4.0,244.0,170.0,194.0,0.0,329.6,312.0,118.0,7.6,0.17,0.12,0.31,0.11,0.12,0.12,0.15,0.15,0.11,0.09,0.31,0.13,0.1,0.1,0.11,0.11,0.17,0.12,0.13,0.1,0.11,0.11,0.17,0.11,0.122,0.10800000000000001,0.174,0.12,0.1,0.06,0.06,0.05,0.05,0.03,0.05,0.05,0.1,0.06,0.05,0.05,0.062,0.048
291-305,31.927200000000006,31.726133333333333,52.99066666666667,35.702933333333334,30.097733333333338,30.782133333333338,37.66733333333333,32.72893333333333,31.927200000000006,31.927200000000006,52.99066666666667,35.702933333333334,30.984133333333332,31.726133333333333,40.7924,35.6996,29.5416,28.949866666666665,34.22186666666666,33.10426666666667,31.192000000000007,30.604266666666668,36.26093333333333,26.951999999999998,30.74853333333334,30.797920000000005,40.38664,32.83754666666666,0.03677631578947366,0.03800813008130081,0.2402166783790115,,,,0.08816666666666668,,0.03677631578947366,0.03677631578947366,0.2402166783790115,,0.025166666666666653,0.03800813008130081,0.08375000000000005,,,,0.09354166666666669,,0.02687500000000001,0.015833333333333328,0.08619863013698628,,,,0.11837472836986625,,0.008444444444444444,0.009111111111111111,0.31622222222222224,0.0,0.0,0.0,0.0011111111111111111,0.0,0.008444444444444444,0.008444444444444444,0.31622222222222224,0.0,0.0044444444444444444,0.009111111111111111,0.0008888888888888889,0.0,0.0,0.0,0.0008888888888888889,0.0,0.0017777777777777779,0.0006666666666666666,0.01622222222222222,0.0,0.002933333333333333,0.003644444444444444,0.06706666666666668,0.0,14.8995703125,15.166005434782608,8.98412162162162,,19.500252707581225,18.238340336134456,,,14.8995703125,14.8995703125,8.98412162162162,,15.69493865030675,15.166005434782608,21.195714285714285,,17.677645833333333,17.31301075268817,21.383125,,16.789346405228763,17.401992187500003,14.415576923076923,,16.912350781790014,16.603783804721047,,,512.0,368.0,296.0,0.0,554.0,476.0,0.0,0.0,512.0,512.0,296.0,0.0,326.0,368.0,14.0,0.0,480.0,372.0,16.0,0.0,306.0,256.0,156.0,0.0,435.6,396.8,96.4,0.0,0.14,0.15,0.37,0.11,0.11,0.11,0.14,0.12,0.14,0.14,0.37,0.11,0.14,0.15,0.11,0.1,0.13,0.13,0.11,0.09,0.14,0.13,0.2,0.1,0.132,0.132,0.186,0.10399999999999998,0.08,0.08,0.05,0.05,0.08,0.08,0.07,0.08,0.06,0.06,0.06,0.06,0.064,0.066
294-308,39.76573333333333,41.72866666666666,45.43346666666667,38.243199999999995,40.66306666666666,40.657866666666656,42.25866666666666,37.189733333333336,39.66373333333333,39.66373333333333,45.43346666666667,38.243199999999995,35.0644,34.998799999999996,28.211733333333335,34.623599999999996,41.32013333333333,41.72866666666666,27.7516,37.51186666666666,39.76573333333333,36.857733333333336,33.07973333333334,35.7776,39.29541333333333,38.78135999999999,35.34704,36.669200000000004,0.04642361111111111,,0.14749671916010498,0.17822239031770043,0.025875706214689275,0.025979532163742693,0.09218540829986613,0.18989583333333337,0.03031250000000002,0.03031250000000002,0.14749671916010498,0.17822239031770043,,,,0.07815789473684209,,,,0.1554635642135642,0.04642361111111111,0.020833333333333325,0.03761904761904762,0.10151152482269504,,,,0.14065024148482702,0.016,0.0,0.16933333333333334,0.1468888888888889,0.013111111111111112,0.012666666666666666,0.05533333333333333,0.08,0.0017777777777777779,0.0017777777777777779,0.16933333333333334,0.1468888888888889,0.0,0.0,0.0,0.016888888888888887,0.0,0.0,0.0,0.10266666666666667,0.016,0.0022222222222222222,0.004666666666666667,0.041777777777777775,0.006177777777777778,0.003333333333333333,0.045866666666666674,0.07764444444444445,13.371314285714286,14.564789473684213,11.722960199004975,11.25049723756906,13.411931034482759,13.419965277777777,14.791534391534391,13.805843373493973,14.037158273381294,14.037158273381294,11.722960199004975,11.25049723756906,15.848486486486488,15.792430167597765,21.338132183908048,14.515297029702971,15.228264462809916,14.564789473684213,18.484358974358972,11.556293103448278,13.371314285714286,14.43538043478261,15.664586776859505,14.172373737373738,14.37943090857495,14.449944725444732,16.400314505133178,13.060060896317603,350.0,190.0,402.0,362.0,290.0,288.0,378.0,332.0,278.0,278.0,402.0,362.0,370.0,358.0,348.0,202.0,242.0,190.0,78.0,232.0,350.0,368.0,242.0,198.0,306.0,296.4,289.6,265.2,0.17,0.19,0.34,0.28,0.16,0.16,0.27,0.26,0.16,0.16,0.34,0.28,0.15,0.15,0.14,0.17,0.19,0.19,0.13,0.24,0.17,0.15,0.19,0.18,0.16599999999999998,0.16199999999999998,0.21400000000000002,0.22600000000000003,0.09,0.08,0.08,0.08,0.09,0.09,0.07,0.07,0.08,0.08,0.09,0.08,0.082,0.08
297-311,37.373733333333334,33.08013333333333,49.41386666666668,61.8488,37.05106666666667,37.77173333333334,43.41706666666667,47.3964,37.17,37.17,49.41386666666668,61.8488,35.16186666666667,35.16186666666667,42.76,36.38253333333333,37.75853333333334,36.78186666666666,31.86573333333334,33.94186666666668,37.373733333333334,33.08013333333333,36.60013333333334,48.01546666666666,36.90304,35.99312,40.81136,45.51701333333333,0.06290123456790123,0.03441358024691359,0.30012280701754385,0.3978604799842627,0.03270833333333334,0.059010416666666676,0.17456135629709366,0.2536005892255892,0.059673913043478265,0.059673913043478265,0.30012280701754385,0.3978604799842627,0.06377777777777778,0.06377777777777778,0.11245808182427901,0.08289126016260161,0.050192307692307696,0.01366666666666665,0.09981691919191919,0.14415983606557378,0.06290123456790123,0.03441358024691359,0.11715244865718799,0.1990092757055457,0.05385071328295967,0.0461084708803006,0.1608223225976047,0.2155042882287146,0.012,0.006,0.44333333333333336,0.7531111111111111,0.0026666666666666666,0.0035555555555555557,0.20644444444444446,0.352,0.010222222222222223,0.010222222222222223,0.44333333333333336,0.7531111111111111,0.006666666666666667,0.006666666666666667,0.11044444444444444,0.036444444444444446,0.0028888888888888888,0.0011111111111111111,0.029333333333333333,0.08133333333333333,0.012,0.006,0.04688888888888889,0.37533333333333335,0.006888888888888889,0.005511111111111111,0.16728888888888888,0.3196444444444444,14.630662650602408,17.56619873817035,8.40997487437186,5.620856481481481,16.318392857142857,17.331486486486487,12.429999999999998,10.430193236714977,14.06126984126984,14.06126984126984,8.40997487437186,5.620856481481481,15.804563106796119,15.804563106796119,12.466492146596858,13.92181208053691,16.17575471698113,16.009702380952383,13.46088785046729,12.0373046875,14.630662650602408,17.56619873817035,14.042692307692306,9.595502645502645,15.398128634558471,16.154644110735035,12.162009435825663,10.321133826347204,498.0,634.0,398.0,432.0,112.0,148.0,416.0,414.0,126.0,126.0,398.0,432.0,206.0,206.0,382.0,298.0,212.0,168.0,214.0,256.0,498.0,634.0,312.0,378.0,230.8,256.4,344.4,355.6,0.16,0.14,0.45,0.59,0.14,0.14,0.32,0.37,0.15,0.15,0.45,0.59,0.14,0.14,0.25,0.21,0.16,0.15,0.19,0.22,0.16,0.14,0.21,0.38,0.15000000000000002,0.14400000000000002,0.284,0.354,0.08,0.07,0.06,0.06,0.07,0.07,0.07,0.07,0.07,0.06,0.08,0.07,0.07,0.066
300-314,36.971866666666656,34.998533333333334,44.161199999999994,53.065999999999995,38.744666666666674,38.552933333333335,35.37506666666666,53.065999999999995,31.60573333333333,34.04,44.161199999999994,49.98533333333333,36.971866666666656,34.998533333333334,42.24426666666666,32.9316,35.4776,34.931333333333335,34.59413333333334,38.084,37.199066666666674,34.565866666666665,36.90866666666666,43.53866666666667,35.99978666666667,35.41773333333333,38.65666666666666,43.52112,0.11335182250396197,0.09670659722222223,0.19045945112550108,0.2625775876530783,0.07137914230019494,0.07130239520958083,0.09037601626016259,0.2625775876530783,0.05006410256410257,0.04735745614035087,0.19045945112550108,0.2594047619047619,0.11335182250396197,0.09670659722222223,0.14297593390804597,0.09519647696476964,0.08123774509803922,0.07522569444444444,0.13145720720720722,0.15749300894854587,0.12340196078431372,0.10002732240437158,0.11893371757925071,0.17489835430784126,0.08788695465012249,0.07812389308419398,0.13484046521603352,0.1899140379557994,0.14022222222222222,0.10666666666666667,0.24022222222222223,0.44155555555555553,0.038,0.03711111111111111,0.018222222222222223,0.44155555555555553,0.008666666666666666,0.016888888888888887,0.24022222222222223,0.41688888888888886,0.14022222222222222,0.10666666666666667,0.10311111111111111,0.027333333333333334,0.060444444444444446,0.064,0.08222222222222222,0.13244444444444445,0.11333333333333333,0.08133333333333333,0.07711111111111112,0.22955555555555557,0.07213333333333333,0.0612,0.10417777777777779,0.24955555555555553,11.38691919191919,11.57578125,10.276204188481675,9.067831858407079,15.922039800995025,14.461344537815126,15.179932432432434,9.067831858407079,17.729,13.77459090909091,10.276204188481675,8.357748815165877,11.38691919191919,11.57578125,12.379411764705882,14.815875,12.859534883720931,12.731351351351353,13.413051643192485,11.325810055865922,11.806621621621622,12.047277227722773,13.151796407185628,10.498715846994536,13.940823099651354,12.918069055196034,12.88007928719962,10.813196315286683,198.0,192.0,382.0,452.0,402.0,238.0,148.0,452.0,190.0,220.0,382.0,422.0,198.0,192.0,340.0,160.0,258.0,222.0,426.0,358.0,296.0,202.0,334.0,366.0,268.8,214.8,326.0,351.6,0.18,0.17,0.36,0.42,0.15,0.15,0.2,0.42,0.13,0.14,0.36,0.43,0.18,0.17,0.24,0.19,0.17,0.17,0.22,0.24,0.18,0.17,0.24,0.3,0.162,0.16000000000000003,0.252,0.316,0.11,0.1,0.08,0.08,0.06,0.07,0.11,0.1,0.1,0.1,0.11,0.1,0.092,0.09
303-317,35.60546666666667,34.315866666666665,38.108533333333334,43.72786666666667,32.528800000000004,32.185866666666676,32.549733333333336,36.93733333333333,32.70306666666667,32.931200000000004,30.285999999999998,34.47933333333333,35.60546666666667,34.315866666666665,32.9496,32.08173333333333,35.65306666666667,35.38786666666666,29.305466666666657,43.72786666666667,34.72733333333333,33.90706666666667,38.108533333333334,36.45706666666667,34.24354666666667,33.74557333333334,32.63986666666666,36.736666666666665,0.10789062499999998,0.09431281094527363,0.05934959349593495,0.20906989247311827,0.04421875,0.02083333333333337,0.07831196581196583,0.10792237442922376,0.024007936507936496,0.02872807017543859,0.04791666666666666,0.11160798122065728,0.10789062499999998,0.09431281094527363,0.06736111111111112,0.07886752136752137,0.08087862318840579,0.0776595744680851,0.07840909090909089,0.20906989247311827,0.08195979899497487,0.06967816091954022,0.05934959349593495,0.10969569288389512,0.06779114673826342,0.058242389968334175,0.06626968559895388,0.12343269247488316,0.07822222222222222,0.059555555555555556,0.009111111111111111,0.20666666666666667,0.0035555555555555557,0.00022222222222222223,0.008666666666666666,0.048666666666666664,0.004666666666666667,0.004222222222222222,0.00044444444444444447,0.03155555555555556,0.07822222222222222,0.059555555555555556,0.0026666666666666666,0.008666666666666666,0.04088888888888889,0.041777777777777775,0.004888888888888889,0.20666666666666667,0.044222222222222225,0.03222222222222222,0.009111111111111111,0.03955555555555555,0.03431111111111111,0.027600000000000003,0.005155555555555556,0.06702222222222223,11.618686868686869,12.37311827956989,16.000697674418603,9.878179012345678,13.899166666666668,16.285205479452056,16.390249999999998,13.738,14.148023255813953,14.275786516853934,17.311666666666667,13.281172839506175,11.618686868686869,12.37311827956989,18.728333333333335,14.914148936170214,12.441300000000002,12.361041666666665,14.823333333333332,9.878179012345678,12.553367346938776,13.159299065420562,16.000697674418603,12.832553191489358,12.932108827621253,13.690890201592623,16.65085620155039,12.928810795902285,198.0,186.0,172.0,324.0,120.0,146.0,120.0,240.0,172.0,178.0,6.0,162.0,198.0,186.0,48.0,94.0,200.0,192.0,18.0,324.0,196.0,214.0,172.0,188.0,177.2,183.2,72.8,201.6,0.18,0.17,0.2,0.3,0.15,0.14,0.17,0.2,0.14,0.15,0.14,0.2,0.18,0.17,0.15,0.16,0.17,0.17,0.15,0.3,0.16,0.15,0.2,0.2,0.16,0.15600000000000003,0.162,0.21200000000000002,0.1,0.09,0.06,0.06,0.06,0.07,0.1,0.09,0.09,0.09,0.08,0.08,0.078,0.078
306-320,35.54480000000001,34.46306666666667,53.474266666666665,36.74626666666667,31.930666666666664,33.21386666666667,31.170800000000007,29.10786666666667,32.88893333333333,32.81093333333333,32.684266666666666,31.186933333333332,35.54480000000001,34.46306666666667,42.7764,30.042666666666666,34.10146666666666,32.93666666666667,34.58573333333332,34.84813333333333,35.56146666666666,33.3492,53.474266666666665,36.74626666666667,34.00546666666666,33.354746666666664,38.938293333333334,32.38637333333334,0.1165486409155937,0.08325641025641026,0.14989815440018006,0.11805072463768113,0.05817610062893081,0.07015151515151516,0.1501388888888889,0.04805555555555552,0.057400497512437816,0.06338541666666667,0.09346491228070175,0.045,0.1165486409155937,0.08325641025641026,0.10558461538461537,,0.060129629629629644,0.03962962962962964,0.1232592592592593,0.10677248677248677,0.12224358974358976,0.057805555555555554,0.14989815440018006,0.11805072463768113,0.08289969168603635,0.06284570545195546,0.12446916604272906,,0.05177777777777778,0.028888888888888888,0.32911111111111113,0.025555555555555557,0.011777777777777778,0.019555555555555555,0.0013333333333333333,0.0006666666666666666,0.014888888888888889,0.014222222222222223,0.008444444444444444,0.0011111111111111111,0.05177777777777778,0.028888888888888888,0.07222222222222222,0.0,0.02,0.006,0.01,0.014,0.043333333333333335,0.013333333333333334,0.32911111111111113,0.025555555555555557,0.028355555555555557,0.016400000000000005,0.08422222222222223,0.008266666666666667,12.673688524590164,13.953741258741257,10.789757281553399,13.377249999999998,15.779689655172415,14.538471074380167,17.868645833333332,19.560616438356163,13.97252032520325,14.065390625,13.904250000000001,16.392187500000002,12.673688524590164,13.953741258741257,12.712750000000002,18.523552631578948,14.395974842767297,14.985288461538461,14.127164179104478,13.91340425531915,12.94295081967213,16.030739644970414,10.789757281553399,13.377249999999998,13.952964833481051,14.714726212926058,13.880513458798243,16.353402165050856,244.0,286.0,206.0,160.0,290.0,242.0,192.0,146.0,246.0,256.0,120.0,32.0,244.0,286.0,200.0,76.0,318.0,312.0,134.0,94.0,244.0,338.0,206.0,160.0,268.4,286.8,170.4,101.6,0.17,0.16,0.32,0.18,0.14,0.14,0.16,0.14,0.14,0.14,0.18,0.15,0.17,0.16,0.25,0.14,0.15,0.14,0.18,0.18,0.17,0.15,0.32,0.18,0.15400000000000003,0.14600000000000002,0.21800000000000003,0.158,0.1,0.08,0.07,0.07,0.07,0.07,0.1,0.08,0.07,0.07,0.09,0.07,0.08,0.07200000000000001
309-323,41.436933333333336,41.43186666666667,39.9464,36.67666666666667,38.5168,38.5168,31.404399999999992,33.87133333333334,37.4412,37.42786666666666,31.61453333333333,30.463466666666676,40.91733333333334,40.91733333333334,35.622933333333336,34.7716,41.436933333333336,41.43186666666667,39.9464,36.67666666666667,39.1716,39.50533333333333,30.246000000000002,32.38653333333334,39.49677333333334,39.55984,33.76685333333333,33.63392,0.07773045267489712,0.07740878938640132,0.0913676844783715,0.141159793814433,0.042601449275362316,0.042601449275362316,0.06888888888888885,0.12256944444444447,0.025671296296296286,0.026018518518518496,,0.11680555555555555,0.07124350986500519,0.07124350986500519,,,0.07773045267489712,0.07740878938640132,0.0913676844783715,0.141159793814433,0.033828828828828816,0.03053685897435897,,,0.050215107388077954,0.049561825203929266,,,0.09,0.08933333333333333,0.029111111111111112,0.021555555555555557,0.025555555555555557,0.025555555555555557,0.0006666666666666666,0.0026666666666666666,0.008,0.008,0.0,0.0013333333333333333,0.07133333333333333,0.07133333333333333,0.0,0.0,0.09,0.08933333333333333,0.029111111111111112,0.021555555555555557,0.016444444444444446,0.02311111111111111,0.0,0.0,0.04226666666666667,0.04346666666666667,0.005955555555555556,0.005111111111111111,13.68996212121212,13.6925,13.703666666666667,15.443240740740743,14.538305785123967,14.538305785123967,20.384999999999998,19.160552884615385,15.154137931034482,15.127256944444444,18.732,19.83228021978022,13.378333333333334,13.378333333333334,,22.172962962962956,13.68996212121212,13.6925,13.703666666666667,15.443240740740743,14.419966887417218,14.474202453987731,18.084642857142857,17.90388888888889,14.236141211624224,14.242119703377895,,18.902585139397637,264.0,264.0,240.0,324.0,242.0,242.0,312.0,416.0,290.0,288.0,10.0,364.0,294.0,294.0,0.0,54.0,264.0,264.0,240.0,324.0,302.0,326.0,28.0,54.0,278.4,282.8,118.0,242.4,0.2,0.2,0.22,0.25,0.17,0.17,0.14,0.17,0.17,0.17,0.12,0.15,0.2,0.2,0.12,0.11,0.2,0.2,0.22,0.25,0.17,0.17,0.12,0.13,0.182,0.182,0.144,0.16199999999999998,0.12,0.12,0.09,0.09,0.09,0.09,0.11,0.11,0.12,0.12,0.09,0.09,0.1,0.1
312-326,42.35053333333334,42.35053333333334,35.88746666666666,38.68746666666667,41.02360000000001,41.02360000000001,33.997466666666675,37.1804,41.10426666666665,39.10653333333333,34.75333333333333,32.94986666666667,39.410266666666665,39.45453333333334,31.61333333333334,34.15613333333333,38.97186666666667,38.97186666666667,35.88746666666666,38.68746666666667,42.35053333333334,42.35053333333334,32.836800000000004,35.00373333333334,40.57210666666667,40.18141333333334,33.81768,35.59552000000001,0.031162079510703364,0.031162079510703364,0.047272727272727286,0.0895691609977324,0.03171130952380953,0.03171130952380953,0.07770833333333338,0.09025362318840577,0.03407575757575757,0.020833333333333332,,,0.03230046948356808,0.032080291970802914,0.03749999999999998,,0.03858156028368793,0.03858156028368793,0.047272727272727286,0.0895691609977324,0.031162079510703364,0.031162079510703364,0.0033333333333332993,0.04208333333333336,0.0335662352755053,0.03087371492446741,,,0.02422222222222222,0.02422222222222222,0.0024444444444444444,0.03266666666666666,0.012444444444444444,0.012444444444444444,0.0008888888888888889,0.010222222222222223,0.024444444444444446,0.003777777777777778,0.0,0.0,0.03155555555555556,0.030444444444444444,0.00044444444444444447,0.0,0.010444444444444444,0.010444444444444444,0.0024444444444444444,0.03266666666666666,0.02422222222222222,0.02422222222222222,0.00022222222222222223,0.0013333333333333333,0.020622222222222226,0.016266666666666665,0.0008,0.008844444444444443,14.112547169811323,14.112547169811323,15.570603448275861,12.786964285714285,15.326666666666666,15.326666666666666,18.869625468164795,15.536882352941177,15.277836538461539,15.713046875,20.436666666666664,18.463934426229507,13.691206896551725,13.782272727272726,17.238809523809522,22.201759259259262,15.062666666666665,15.062666666666665,15.570603448275861,12.786964285714285,14.112547169811323,14.112547169811323,16.986538461538462,15.991875,14.694184787631585,14.799440021083475,17.820448713691057,16.996283064828845,212.0,212.0,116.0,112.0,258.0,258.0,534.0,340.0,208.0,128.0,18.0,122.0,174.0,176.0,42.0,108.0,210.0,210.0,116.0,112.0,212.0,212.0,26.0,16.0,212.4,196.8,147.2,139.6,0.18,0.18,0.17,0.22,0.19,0.19,0.15,0.18,0.19,0.18,0.12,0.13,0.18,0.19,0.13,0.11,0.19,0.19,0.17,0.22,0.18,0.18,0.12,0.13,0.186,0.186,0.138,0.154,0.1,0.1,0.08,0.08,0.08,0.08,0.09,0.09,0.09,0.09,0.1,0.1,0.088,0.088
315-329,48.501999999999995,48.501999999999995,54.428133333333335,49.282133333333334,42.449733333333334,42.449733333333334,48.58853333333333,33.3112,40.59146666666667,40.59146666666667,51.03386666666667,49.282133333333334,48.501999999999995,48.501999999999995,54.428133333333335,34.45426666666667,38.69626666666667,38.69626666666667,45.94346666666667,42.01786666666666,43.846133333333334,43.846133333333334,33.025866666666666,34.151999999999994,42.81712,42.81712,46.603973333333336,38.64349333333333,0.08107618343195266,0.08107618343195266,0.24182461373718825,0.26667953517391985,0.054264705882352944,0.054264705882352944,0.16906061908856407,0.14213855421686747,,,0.24949866011612323,0.26667953517391985,0.08107618343195266,0.08107618343195266,0.24182461373718825,0.12264634146341463,,,0.17066074346405227,0.17102217602217606,0.018194444444444402,0.018194444444444402,0.09528225806451614,0.07255847953216374,,,0.18526537889408878,0.15500901728170838,0.15022222222222223,0.15022222222222223,0.4842222222222222,0.4748888888888889,0.011333333333333334,0.011333333333333334,0.2584444444444444,0.018444444444444444,0.0,0.0,0.49755555555555553,0.4748888888888889,0.15022222222222223,0.15022222222222223,0.4842222222222222,0.04555555555555556,0.0,0.0,0.18133333333333335,0.1068888888888889,0.0013333333333333333,0.0013333333333333333,0.013777777777777778,0.012666666666666666,0.032577777777777775,0.032577777777777775,0.2870666666666667,0.1316888888888889,12.129816513761469,12.129816513761469,8.36204761904762,7.30445238095238,14.293962264150942,14.293962264150942,11.359520547945205,15.636265822784809,16.487450980392154,16.487450980392154,7.7491666666666665,7.30445238095238,12.129816513761469,12.129816513761469,8.36204761904762,12.70919642857143,15.000604395604395,15.000604395604395,11.203271276595746,11.253348214285714,15.274824561403507,15.274824561403507,15.329774436090224,14.212131147540985,14.637331743062493,14.637331743062493,10.800756109269091,12.223078798827064,218.0,218.0,420.0,420.0,212.0,212.0,438.0,316.0,102.0,102.0,432.0,420.0,218.0,218.0,420.0,224.0,182.0,182.0,376.0,224.0,228.0,228.0,266.0,122.0,188.4,188.4,386.4,261.2,0.25,0.25,0.36,0.39,0.21,0.21,0.3,0.16,0.18,0.18,0.36,0.39,0.25,0.25,0.36,0.17,0.18,0.18,0.25,0.21,0.2,0.2,0.16,0.13,0.20400000000000001,0.20400000000000001,0.286,0.21200000000000002,0.14,0.14,0.1,0.1,0.07,0.07,0.14,0.14,0.08,0.08,0.09,0.09,0.09600000000000002,0.09600000000000002
318-332,35.720533333333336,33.89973333333333,56.26306666666666,43.4552,34.364799999999995,33.89973333333333,56.42333333333333,35.6764,31.023199999999996,30.994533333333337,57.4032,43.4552,29.47053333333334,29.473733333333325,42.022800000000004,30.902266666666662,35.720533333333336,31.282400000000003,51.8628,38.2124,31.22866666666667,31.68706666666667,56.26306666666666,34.65306666666667,32.36154666666667,31.467493333333334,52.79503999999999,36.57986666666666,0.04014285714285715,0.011666666666666714,0.2656595238095238,0.19708814472671285,0.009722222222222188,0.011666666666666714,0.2858582089552239,0.11343376764386537,,,0.3072454195768803,0.19708814472671285,,,0.12101454458750596,,0.04014285714285715,,0.172967745281062,0.1043906020558003,,,0.2656595238095238,0.08294117647058821,,,0.2305490884420392,,0.0077777777777777776,0.00044444444444444447,0.7,0.2886666666666667,0.0006666666666666666,0.00044444444444444447,0.6848888888888889,0.06822222222222223,0.0,0.0,0.7317777777777777,0.2886666666666667,0.0,0.0,0.15533333333333332,0.0,0.0077777777777777776,0.0,0.3571111111111111,0.050444444444444445,0.0,0.0,0.7,0.015111111111111112,0.0016888888888888886,8.888888888888889e-05,0.5258222222222222,0.0844888888888889,14.47962643678161,15.655235294117649,7.493858921161825,9.652374429223745,15.157573529411764,15.655235294117649,7.49235294117647,13.573534031413613,17.124878048780488,16.53827380952381,6.030961538461539,9.652374429223745,18.947203389830513,18.778428571428574,11.663969957081544,18.82357142857143,14.47962643678161,16.685528846153847,9.8256038647343,12.80009433962264,18.561048387096776,18.401931818181822,7.493858921161825,15.121249999999998,16.85406595838023,17.211879667881142,8.501349444523136,13.994164845766283,348.0,170.0,482.0,438.0,136.0,170.0,476.0,382.0,164.0,168.0,468.0,438.0,118.0,140.0,466.0,42.0,348.0,208.0,414.0,212.0,248.0,264.0,482.0,96.0,202.8,190.0,461.2,234.0,0.14,0.13,0.48,0.31,0.13,0.13,0.44,0.21,0.12,0.12,0.46,0.31,0.11,0.11,0.24,0.12,0.14,0.11,0.33,0.18,0.12,0.12,0.48,0.14,0.124,0.118,0.39,0.192,0.08,0.06,0.07,0.06,0.06,0.05,0.05,0.05,0.08,0.05,0.05,0.05,0.062,0.052000000000000005
321-335,38.55906666666667,34.43373333333333,36.27493333333333,35.13413333333333,38.55906666666667,36.8424,31.1508,28.4508,34.10906666666667,33.85439999999999,31.99173333333333,30.087733333333333,32.92093333333333,33.41146666666667,36.27493333333333,35.13413333333333,33.129333333333335,32.35093333333334,27.735866666666666,28.759200000000007,35.70773333333334,34.43373333333333,27.047866666666664,28.258133333333333,34.88522666666667,34.17858666666667,30.840239999999994,30.137999999999998,0.07838807785888077,0.06028935185185185,0.009166666666666656,,0.07838807785888077,0.06158854166666666,0.03749999999999992,,0.04134751773049645,0.04634615384615386,,0.09372549019607844,0.05053763440860216,0.05511904761904761,0.009166666666666656,,0.04489999999999998,0.036315789473684204,,,0.056760057471264364,0.06028935185185185,0.013333333333333308,0.06916666666666671,0.054386657493848745,0.05193177689148084,,,0.030444444444444444,0.016,0.00022222222222222223,0.0,0.030444444444444444,0.014222222222222223,0.00044444444444444447,0.0,0.010444444444444444,0.008666666666666666,0.0,0.007555555555555556,0.006888888888888889,0.010888888888888889,0.00022222222222222223,0.0,0.005555555555555556,0.004222222222222222,0.0,0.0,0.025777777777777778,0.016,0.00022222222222222223,0.00022222222222222223,0.015822222222222224,0.0108,0.00017777777777777779,0.0015555555555555557,14.361148148148148,15.45735294117647,25.911585365853657,,14.361148148148148,15.390704697986578,23.109473684210528,19.82651515151515,15.571546391752578,15.712105263157897,19.244374999999998,15.446341463414633,15.07638655462185,14.873361344537814,25.911585365853657,,15.036296296296298,15.666470588235294,,18.01875,14.620364963503649,15.45735294117647,18.851666666666667,17.082727272727276,14.933148470864506,15.41999896701881,,,270.0,306.0,82.0,0.0,270.0,298.0,114.0,66.0,194.0,190.0,32.0,164.0,238.0,238.0,82.0,0.0,216.0,238.0,0.0,56.0,274.0,306.0,30.0,88.0,238.4,254.0,51.6,74.8,0.17,0.15,0.1,0.1,0.17,0.15,0.11,0.12,0.14,0.14,0.11,0.17,0.14,0.14,0.1,0.1,0.14,0.13,0.09,0.12,0.16,0.15,0.1,0.13,0.15000000000000002,0.14200000000000002,0.10200000000000001,0.128,0.1,0.08,0.1,0.08,0.07,0.07,0.07,0.07,0.07,0.07,0.09,0.08,0.08,0.07400000000000001
324-338,28.658800000000003,27.492399999999996,48.1828,38.8584,29.2004,28.072000000000003,48.1828,37.44146666666667,26.05493333333333,25.42853333333333,47.39586666666666,34.498666666666665,28.658800000000003,28.0628,32.12413333333333,33.811866666666674,29.174133333333327,28.944399999999998,33.78693333333334,37.39,27.75053333333334,27.492399999999996,36.57986666666667,38.8584,28.167759999999998,27.60002666666667,39.61392,36.40008,,,0.1808254716981132,0.11409065315315316,,,0.1808254716981132,0.10613445378151262,,,0.21194463548830814,0.12427777777777776,,,,,,,0.059853801169590645,0.09144522144522144,,,0.1035185185185185,0.11409065315315316,,,,,0.0,0.0,0.212,0.06577777777777778,0.0,0.0,0.212,0.026444444444444444,0.0,0.0,0.3231111111111111,0.04,0.0,0.0,0.0,0.0,0.0,0.0,0.012666666666666666,0.03177777777777778,0.0,0.0,0.054,0.06577777777777778,0.0,0.0,0.12035555555555558,0.0328,16.641678082191785,15.562125,11.192780612244897,12.772583333333333,17.071350364963504,17.313843137254896,11.192780612244897,15.109005235602096,17.9702752293578,21.420638297872337,9.159255813953488,13.541417322834645,16.641678082191785,17.25171794871795,17.599166666666665,21.279666666666667,17.902816091954023,17.39771276595745,14.836368421052633,13.65611111111111,16.763450704225352,15.562125,13.504179687499999,12.772583333333333,17.269914094538493,17.789207429960527,13.258350240283537,15.27175673390957,584.0,160.0,392.0,240.0,274.0,510.0,392.0,382.0,218.0,188.0,430.0,254.0,584.0,390.0,48.0,60.0,348.0,188.0,190.0,198.0,284.0,160.0,256.0,240.0,341.6,287.2,263.2,226.8,0.12,0.11,0.31,0.21,0.11,0.11,0.31,0.2,0.1,0.1,0.33,0.18,0.12,0.11,0.12,0.11,0.11,0.12,0.18,0.19,0.11,0.11,0.2,0.21,0.11000000000000001,0.11000000000000001,0.22799999999999998,0.178,0.06,0.05,0.05,0.05,0.04,0.04,0.06,0.05,0.05,0.05,0.05,0.05,0.05,0.048
327-341,53.044399999999996,53.17026666666666,54.86106666666668,48.62733333333333,53.044399999999996,53.17026666666666,51.63973333333333,46.63653333333334,48.313199999999995,48.313199999999995,54.86106666666668,48.62733333333333,43.507333333333335,38.60386666666667,32.19093333333333,34.58533333333333,44.0468,44.516000000000005,46.729733333333336,35.55853333333334,45.51773333333334,42.2736,47.10733333333333,36.833200000000005,46.88589333333333,45.37538666666667,46.505759999999995,40.44818666666667,0.10694396427542494,0.11033456486042692,0.3135979020979021,0.2580932267884323,0.10694396427542494,0.11033456486042692,0.24007821075740945,0.22017207642725597,0.06675742574257426,0.06675742574257426,0.3135979020979021,0.2580932267884323,0.08725641025641026,0.06962871287128714,0.06633333333333331,0.025833333333333264,0.05230820105820106,0.0447974537037037,0.18965879828326182,0.13036458333333337,0.09142134831460676,0.06012974051896208,0.21492842215256008,0.10227642276422763,0.08093746992944345,0.07032957953939081,0.20491933332489337,0.1473479285293165,0.2571111111111111,0.27066666666666667,0.6355555555555555,0.4866666666666667,0.2571111111111111,0.27066666666666667,0.4048888888888889,0.3217777777777778,0.04488888888888889,0.04488888888888889,0.6355555555555555,0.4866666666666667,0.10111111111111111,0.06733333333333333,0.0033333333333333335,0.00044444444444444447,0.028,0.032,0.2588888888888889,0.07466666666666667,0.09888888888888889,0.03711111111111111,0.35444444444444445,0.06377777777777778,0.10600000000000001,0.0904,0.3314222222222223,0.1894666666666667,12.00867088607595,12.181166666666668,6.780140186915888,7.703039215686275,12.00867088607595,12.181166666666668,9.361446078431372,10.006907216494847,13.990569620253165,13.990569620253165,6.780140186915888,7.703039215686275,12.6719305019305,13.42755859375,15.62840579710145,18.735357142857143,14.2715243902439,14.566388888888888,9.903044692737431,12.519963768115943,13.918157894736844,15.931227272727272,9.106785714285715,15.246353846153848,13.37217065864807,14.019382208457198,10.155964493894372,12.842324237861613,158.0,180.0,428.0,408.0,158.0,180.0,408.0,388.0,158.0,158.0,428.0,408.0,518.0,512.0,138.0,28.0,164.0,180.0,358.0,276.0,190.0,440.0,336.0,650.0,237.6,294.0,333.6,350.0,0.26,0.26,0.47,0.4,0.26,0.26,0.41,0.37,0.21,0.21,0.47,0.4,0.21,0.18,0.15,0.12,0.2,0.2,0.33,0.22,0.23,0.19,0.36,0.23,0.22199999999999998,0.20799999999999996,0.344,0.268,0.15,0.16,0.15,0.16,0.11,0.11,0.15,0.12,0.1,0.1,0.13,0.09,0.128,0.11599999999999999
330-344,40.304,40.304,55.85293333333334,45.826933333333336,40.304,40.304,47.79733333333333,38.533333333333324,38.001466666666666,38.001466666666666,52.773333333333326,37.5068,31.713199999999997,31.233200000000004,34.0528,35.80933333333333,36.922266666666665,36.922266666666665,55.245466666666665,45.826933333333336,35.901599999999995,35.901599999999995,55.85293333333334,39.22266666666667,36.568506666666664,36.47250666666667,49.14437333333333,39.37981333333333,0.111302599009901,0.111302599009901,0.3591651119402985,0.20834806810740014,0.111302599009901,0.111302599009901,0.18103477961432507,0.13822281167108752,0.10649875621890548,0.10649875621890548,0.29990777483833037,0.15119850187265918,0.02506410256410256,0.030833333333333324,0.012500000000000067,,0.08896139206090266,0.08896139206090266,0.29521951774340305,0.20834806810740014,0.0685140931372549,0.0685140931372549,0.3591651119402985,0.13993692660550458,0.08006818859821332,0.08122203475205947,0.2295654368272714,,0.17955555555555555,0.17955555555555555,0.5955555555555555,0.2262222222222222,0.17955555555555555,0.17955555555555555,0.21511111111111111,0.08377777777777778,0.14888888888888888,0.14888888888888888,0.504,0.09888888888888889,0.0028888888888888888,0.00044444444444444447,0.00022222222222222223,0.0,0.13622222222222222,0.13622222222222222,0.48844444444444446,0.2262222222222222,0.060444444444444446,0.060444444444444446,0.5955555555555555,0.09688888888888889,0.10559999999999999,0.10511111111111111,0.36066666666666664,0.10115555555555555,11.143209459459461,11.143209459459461,5.875736040609137,9.442848484848486,11.143209459459461,11.143209459459461,11.551047120418849,13.427947761194028,11.078538461538463,11.078538461538463,6.940098039215687,11.907781690140846,16.93907786885246,18.046755555555556,22.267500000000002,17.75203125,12.01043062200957,12.01043062200957,7.055569306930693,9.442848484848486,12.717146892655366,12.717146892655366,5.875736040609137,12.313749999999999,12.777680660903064,12.999216198243683,10.737990101434875,12.968871837236671,296.0,296.0,394.0,330.0,296.0,296.0,382.0,268.0,260.0,260.0,408.0,284.0,488.0,450.0,4.0,64.0,418.0,418.0,404.0,330.0,354.0,354.0,394.0,280.0,363.2,355.6,318.4,245.2,0.2,0.2,0.48,0.31,0.2,0.2,0.35,0.27,0.19,0.19,0.44,0.25,0.14,0.14,0.12,0.14,0.18,0.18,0.43,0.31,0.16,0.16,0.48,0.23,0.174,0.174,0.364,0.24,0.12,0.12,0.12,0.12,0.11,0.11,0.07,0.06,0.11,0.11,0.1,0.1,0.10200000000000001,0.1
333-347,38.04306666666666,38.04306666666666,63.97320000000001,59.135600000000004,35.252266666666664,33.596799999999995,51.118,59.135600000000004,34.03346666666667,34.89933333333334,63.97320000000001,48.781866666666666,31.77533333333334,31.870933333333337,55.71399999999999,51.85053333333333,38.04306666666666,38.04306666666666,57.465466666666664,52.38933333333333,34.28666666666667,35.04613333333334,58.27306666666667,57.56573333333333,34.67816,34.691253333333336,57.30874666666667,53.944613333333336,0.06573394495412843,0.06573394495412843,0.41758210784313726,0.3662075388998466,0.06734722222222222,0.0634507042253521,0.2210393772893773,0.3662075388998466,0.04555555555555554,0.03988095238095237,0.41758210784313726,0.2918053148469093,0.04604166666666665,0.04049999999999999,0.2811819338422392,0.26080735930735927,0.06573394495412843,0.06573394495412843,0.30346107288481144,0.27782014617095646,0.043357142857142844,0.04126388888888889,0.32255999127399654,0.30726402467411545,0.05360710645114314,0.05016589808986436,0.3091648966267123,0.3007808767798374,0.02422222222222222,0.02422222222222222,0.7555555555555555,0.676,0.02666666666666667,0.01577777777777778,0.4448888888888889,0.676,0.005333333333333333,0.010888888888888889,0.7555555555555555,0.5128888888888888,0.005333333333333333,0.005555555555555556,0.5822222222222222,0.5133333333333333,0.02422222222222222,0.02422222222222222,0.5813333333333334,0.4662222222222222,0.0077777777777777776,0.013333333333333334,0.6791111111111111,0.6364444444444445,0.013866666666666666,0.013955555555555554,0.6086222222222222,0.5609777777777778,15.105903614457834,15.105903614457834,5.121308411214953,6.4957783018867925,13.957864077669907,16.022578616352202,9.741237373737373,6.4957783018867925,15.796333333333335,15.463333333333335,5.121308411214953,7.178173076923077,16.166367521367523,16.4544140625,7.26609756097561,7.679976190476191,15.105903614457834,15.105903614457834,7.0578426395939085,7.690714285714285,15.274268292682928,14.955395683453238,6.714538834951457,6.894676616915422,15.260147367902306,15.60032506201932,7.180204964094661,7.187863694383154,332.0,332.0,428.0,424.0,206.0,318.0,396.0,424.0,270.0,264.0,428.0,416.0,234.0,256.0,410.0,420.0,332.0,332.0,394.0,406.0,246.0,278.0,412.0,402.0,257.6,289.6,408.0,413.6,0.18,0.18,0.52,0.45,0.16,0.15,0.39,0.45,0.16,0.16,0.52,0.4,0.14,0.14,0.41,0.37,0.18,0.18,0.43,0.38,0.16,0.16,0.49,0.46,0.16,0.158,0.44800000000000006,0.41200000000000003,0.11,0.11,0.09,0.08,0.08,0.09,0.07,0.07,0.11,0.11,0.09,0.09,0.088,0.088
336-350,31.848533333333332,31.848533333333332,60.79933333333333,42.5872,29.873466666666662,29.769466666666666,49.8248,40.82106666666667,28.75026666666666,28.46066666666667,60.79933333333333,42.5872,31.848533333333332,31.848533333333332,47.111466666666665,30.23986666666667,30.501733333333334,30.086666666666666,39.42439999999999,37.571066666666674,31.1072,31.1072,52.207333333333345,38.111599999999996,30.41624,30.254506666666668,49.873466666666666,37.86616,0.011666666666666665,0.011666666666666665,0.3649070902107339,0.23281383472609102,,,0.22035036719706244,0.15904528236914603,,,0.3649070902107339,0.23281383472609102,0.011666666666666665,0.011666666666666665,0.1821096725057121,,,,0.131518115942029,0.1813437703848663,,,0.23331420881144643,0.11117582417582418,,,0.22643989093339675,,0.002,0.002,0.7135555555555556,0.3988888888888889,0.0,0.0,0.3631111111111111,0.21511111111111111,0.0,0.0,0.7135555555555556,0.3988888888888889,0.002,0.002,0.2917777777777778,0.0,0.0,0.0,0.10222222222222223,0.11355555555555556,0.0,0.0,0.5228888888888888,0.10111111111111111,0.0004,0.0004,0.3987111111111111,0.16573333333333334,14.930980392156863,14.930980392156863,5.572906403940887,8.320772946859904,16.59568,16.648803680981597,9.710317073170732,11.623602941176472,15.353109243697478,15.453703703703704,5.572906403940887,8.320772946859904,14.930980392156863,14.930980392156863,9.659180327868853,18.41525,16.287092050209203,15.67016990291262,12.020201342281878,10.34434210526316,15.095357142857145,15.095357142857145,8.259899497487437,12.531120689655172,15.652443765784138,15.559802964522385,9.044500928949958,12.247017736590943,204.0,204.0,406.0,414.0,250.0,326.0,410.0,408.0,238.0,216.0,406.0,414.0,204.0,204.0,366.0,40.0,478.0,412.0,298.0,228.0,140.0,140.0,398.0,348.0,262.0,259.6,375.6,287.6,0.13,0.13,0.48,0.34,0.11,0.12,0.37,0.29,0.13,0.13,0.48,0.34,0.13,0.13,0.32,0.13,0.12,0.12,0.25,0.29,0.12,0.12,0.42,0.29,0.122,0.124,0.368,0.268,0.07,0.07,0.06,0.06,0.07,0.07,0.07,0.07,0.06,0.06,0.07,0.07,0.066,0.066
339-353,32.5436,32.756,45.21866666666667,43.4724,32.5436,32.756,36.080799999999996,33.7408,38.60066666666666,35.446,31.977599999999995,31.402533333333334,30.976133333333333,31.053600000000007,45.21866666666667,43.4724,35.089600000000004,34.465333333333334,35.02973333333333,34.48773333333333,31.095866666666662,30.915200000000006,33.02,34.025600000000004,33.66117333333333,32.92722666666667,36.26536,35.42581333333333,,,,,,,0.06624999999999999,0.11813131313131314,,,,,,,,,,,0.07313829787234041,0.060833333333333406,,,0.11070422535211268,0.0966322314049587,,,,,0.0,0.0,0.0,0.0,0.0,0.0,0.008444444444444444,0.007333333333333333,0.0,0.0,0.0,0.0,0.0,0.0,0.0,0.0,0.0,0.0,0.010444444444444444,0.00022222222222222223,0.0,0.0,0.03155555555555556,0.02688888888888889,0.0,0.0,0.010088888888888889,0.006888888888888889,20.76894117647059,20.84114864864865,,,20.76894117647059,20.84114864864865,16.00809210526316,16.78236111111111,26.129999999999992,28.587272727272726,18.884655172413794,25.923333333333336,20.828888888888894,20.596684782608694,,,23.211904761904762,23.925,14.482857142857142,,23.49625,22.79260273972603,13.436075949367089,13.818492063492064,22.88719696545285,23.34854177965122,,,170.0,148.0,0.0,0.0,170.0,148.0,152.0,216.0,14.0,176.0,58.0,24.0,252.0,184.0,0.0,0.0,42.0,22.0,56.0,0.0,32.0,146.0,158.0,126.0,102.0,135.2,84.8,73.2,0.11,0.11,0.12,0.11,0.11,0.11,0.18,0.15,0.11,0.1,0.12,0.12,0.1,0.1,0.12,0.11,0.11,0.11,0.16,0.12,0.1,0.09,0.19,0.17,0.10600000000000001,0.10200000000000001,0.154,0.134,0.04,0.04,0.04,0.04,0.02,0.02,0.03,0.03,0.03,0.03,0.03,0.03,0.03,0.03
342-356,44.7292,43.2948,44.767466666666664,44.525999999999996,41.32213333333333,41.32213333333333,43.74386666666667,37.3552,44.7292,43.2948,43.2956,37.674933333333335,41.82920000000001,41.82920000000001,44.767466666666664,44.525999999999996,44.580000000000005,42.434133333333335,43.3584,38.80186666666666,41.72653333333333,41.7288,38.12933333333334,30.168799999999997,42.83741333333334,42.121813333333336,42.65893333333334,37.70536,0.0541111111111111,0.0454022988505747,,,0.03587719298245613,0.03587719298245613,,,0.0541111111111111,0.0454022988505747,,,,,,,0.042388888888888906,0.0016666666666665941,,,,,,0.11534883720930231,,,,,0.01,0.0064444444444444445,0.0,0.0,0.004222222222222222,0.004222222222222222,0.0,0.0,0.01,0.0064444444444444445,0.0,0.0,0.0,0.0,0.0,0.0,0.0033333333333333335,0.00022222222222222223,0.0,0.0,0.0,0.0,0.0,0.009555555555555555,0.0035111111111111116,0.0021777777777777776,0.0,0.001911111111111111,14.71840425531915,15.303300000000002,16.773333333333337,24.6325,14.966727272727274,14.966727272727274,,20.527200000000004,14.71840425531915,15.303300000000002,,,16.166,16.166,16.773333333333337,24.6325,15.367083333333333,16.000937500000003,,,15.967450980392158,16.022169811320754,,14.236206896551725,15.437133168354382,15.691826916809607,,,94.0,100.0,12.0,4.0,110.0,110.0,0.0,50.0,94.0,100.0,0.0,0.0,140.0,140.0,12.0,4.0,72.0,96.0,0.0,0.0,102.0,106.0,0.0,58.0,103.6,110.4,2.4,22.4,0.22,0.21,0.14,0.12,0.2,0.2,0.15,0.13,0.22,0.21,0.15,0.12,0.2,0.2,0.14,0.12,0.21,0.2,0.15,0.13,0.2,0.2,0.14,0.15,0.20600000000000002,0.202,0.146,0.13,0.09,0.09,0.07,0.07,0.09,0.09,0.07,0.07,0.08,0.07,0.07,0.07,0.076,0.07400000000000001
345-359,52.538399999999996,48.290533333333336,46.477066666666666,42.493333333333325,45.215599999999995,42.022,46.477066666666666,42.493333333333325,44.74146666666666,44.74146666666666,43.46106666666667,39.09173333333334,46.74413333333332,46.74413333333332,43.96146666666667,44.0344,47.193866666666665,48.290533333333336,47.242266666666666,43.247066666666655,52.538399999999996,43.98173333333334,37.9496,26.169733333333333,47.28669333333333,45.15597333333333,43.81829333333333,39.00725333333333,0.5152568581780539,0.4904179779701022,0.05050925925925925,,0.04995250431778929,0.05071285140562249,0.05050925925925925,,0.03644636015325672,0.03644636015325672,0.0625268817204301,,0.07801659891598914,0.07801659891598914,0.0024999999999999467,,0.2595772115090297,0.4904179779701022,0.03905555555555557,,0.5152568581780539,0.33070623392343773,0.0708333333333333,,0.18784990661482376,0.19726000447368164,0.04508500597371563,,0.5724444444444444,0.5648888888888889,0.004,0.0,0.042888888888888886,0.03688888888888889,0.004,0.0,0.019333333333333334,0.019333333333333334,0.013777777777777778,0.0,0.10933333333333334,0.10933333333333334,0.00022222222222222223,0.0,0.484,0.5648888888888889,0.0033333333333333335,0.0,0.5724444444444444,0.4895555555555556,0.00022222222222222223,0.0,0.24559999999999998,0.244,0.004311111111111111,0.0,5.722916666666666,7.2568074324324305,17.915,22.08625,14.602399999999998,15.209583333333335,17.915,22.08625,14.547924528301886,14.547924528301886,12.405,,13.16777027027027,13.16777027027027,14.245000000000001,,10.952276264591438,7.2568074324324305,,,5.722916666666666,9.593666666666666,,,11.798657545966051,11.955150446200916,,,264.0,592.0,6.0,112.0,100.0,24.0,6.0,112.0,106.0,106.0,4.0,0.0,148.0,148.0,2.0,0.0,514.0,592.0,0.0,0.0,264.0,510.0,0.0,0.0,226.4,276.0,2.4,22.4,0.58,0.54,0.21,0.19,0.23,0.22,0.21,0.19,0.23,0.23,0.22,0.17,0.25,0.25,0.17,0.13,0.41,0.54,0.2,0.17,0.58,0.49,0.15,0.11,0.33999999999999997,0.346,0.19,0.154,0.5,0.46,0.1,0.09,0.09,0.09,0.13,0.13,0.3,0.46,0.5,0.4,0.22400000000000003,0.23399999999999999
348-362,43.88373333333334,43.88373333333334,49.11213333333334,32.78546666666667,43.88373333333334,43.88373333333334,42.16,32.78546666666667,43.60799999999999,43.55293333333333,49.11213333333334,33.31106666666666,39.99213333333333,39.99213333333333,28.283066666666667,27.5992,37.973200000000006,38.429066666666664,39.29613333333334,34.06133333333333,42.92373333333333,42.92373333333333,36.1252,33.34213333333334,41.676159999999996,41.75632,38.99530666666667,32.21984,0.058557504873294336,0.058557504873294336,0.23776185101580133,0.11212719298245616,0.058557504873294336,0.058557504873294336,0.12921518264840182,0.11212719298245616,0.029365079365079354,0.029429824561403504,0.23776185101580133,0.1261727456940223,0.02041666666666667,0.02041666666666667,,0.021190476190476187,,0.009027777777777765,0.11268700787401575,0.11302752293577985,0.029066666666666657,0.029066666666666657,0.09302083333333334,0.10197303921568626,,0.02929968810916178,,0.09489819540368413,0.076,0.076,0.4922222222222222,0.008444444444444444,0.076,0.076,0.12977777777777777,0.008444444444444444,0.004666666666666667,0.004222222222222222,0.4922222222222222,0.07311111111111111,0.004,0.004,0.0,0.0015555555555555555,0.0,0.0013333333333333333,0.05644444444444444,0.02422222222222222,0.005555555555555556,0.005555555555555556,0.030222222222222223,0.015111111111111112,0.018044444444444443,0.018222222222222223,0.14173333333333332,0.02448888888888889,14.075094339622641,14.075094339622641,7.711604651162792,16.1631640625,14.075094339622641,14.075094339622641,12.686142131979695,16.1631640625,15.470256410256411,15.470897435897436,7.711604651162792,12.737016574585637,14.823064516129032,14.823064516129032,17.729824561403507,18.204739130434785,15.066037735849056,14.853157894736842,13.450777777777777,14.143148148148146,14.35310344827586,14.35310344827586,14.19846875,14.476940298507463,14.7575112900266,14.715063526932363,13.155363574464754,15.145001642835206,106.0,106.0,430.0,256.0,106.0,106.0,394.0,256.0,78.0,78.0,430.0,362.0,124.0,124.0,114.0,230.0,106.0,114.0,360.0,162.0,116.0,116.0,320.0,134.0,106.0,107.6,323.6,228.8,0.25,0.25,0.38,0.16,0.25,0.25,0.27,0.16,0.22,0.22,0.38,0.2,0.19,0.19,0.12,0.13,0.19,0.19,0.22,0.18,0.2,0.2,0.2,0.16,0.20999999999999996,0.20999999999999996,0.238,0.16599999999999998,0.12,0.12,0.12,0.12,0.09,0.09,0.09,0.09,0.08,0.08,0.09,0.09,0.094,0.094
351-365,34.823466666666675,36.0912,43.489200000000004,30.058666666666674,31.156399999999994,31.156399999999994,36.462666666666664,28.124133333333333,30.37226666666667,28.42213333333333,43.489200000000004,26.505333333333333,34.823466666666675,36.0912,38.089866666666666,26.78466666666667,31.84093333333333,31.412399999999998,29.780400000000004,25.920133333333332,35.376400000000004,35.376400000000004,28.818933333333334,30.058666666666674,32.71389333333334,32.491706666666666,35.32821333333334,27.478586666666672,0.09492341356673961,0.10199190396426577,0.055833333333333374,0.044888888888888874,0.01750000000000007,0.01750000000000007,0.07270833333333332,0.029999999999999916,0.034629629629629594,0.016666666666666607,0.055833333333333374,0.0024999999999999467,0.09492341356673961,0.10199190396426577,0.029166666666666674,,,,0.06583333333333337,,0.06252100840336135,0.06252100840336135,0.08208333333333334,0.044888888888888874,,,0.06112500000000002,,0.10155555555555555,0.13266666666666665,0.0008888888888888889,0.0033333333333333335,0.00022222222222222223,0.00022222222222222223,0.0008888888888888889,0.00022222222222222223,0.002,0.00022222222222222223,0.0008888888888888889,0.00022222222222222223,0.10155555555555555,0.13266666666666665,0.00044444444444444447,0.0,0.0,0.0,0.0006666666666666666,0.0,0.05288888888888889,0.05288888888888889,0.0008888888888888889,0.0033333333333333335,0.03133333333333334,0.0372,0.0007555555555555555,0.0007555555555555555,13.799392523364485,13.36329831932773,,15.71167808219178,15.36170542635659,15.36170542635659,24.151000000000003,18.435322580645167,16.164479166666666,17.213398058252427,,20.77228187919463,13.799392523364485,13.36329831932773,26.16203125,18.86735294117647,16.2071897810219,16.6079679144385,23.107999999999997,17.00013513513514,14.230199004975125,14.230199004975125,18.14398148148148,15.71167808219178,15.152593180476952,15.355313744670074,,18.157354123668636,428.0,476.0,0.0,292.0,258.0,258.0,20.0,124.0,192.0,206.0,0.0,298.0,428.0,476.0,64.0,34.0,274.0,374.0,10.0,74.0,402.0,402.0,108.0,292.0,310.8,343.2,40.4,164.4,0.19,0.2,0.1,0.16,0.13,0.13,0.11,0.14,0.13,0.12,0.1,0.13,0.19,0.2,0.1,0.11,0.13,0.13,0.1,0.13,0.17,0.17,0.14,0.16,0.15000000000000002,0.15000000000000002,0.11000000000000001,0.134,0.11,0.13,0.06,0.06,0.07,0.06,0.11,0.13,0.07,0.07,0.1,0.1,0.082,0.084
354-368,36.08893333333334,36.08893333333334,49.27653333333333,44.3736,37.03146666666667,35.78946666666668,44.37813333333334,44.3736,34.6056,33.742666666666665,33.17013333333334,35.9752,35.513866666666665,31.65373333333333,32.644933333333334,31.828799999999998,33.038399999999996,32.23506666666667,49.27653333333333,43.483866666666664,36.08893333333334,36.08893333333334,45.55986666666667,44.081999999999994,35.255653333333335,33.90197333333334,41.00592,39.94869333333334,0.09499530516431924,0.09499530516431924,0.18551319444444442,0.13762890625,0.08579595426561125,0.08121212121212122,0.13865058087578194,0.13762890625,0.07316314553990612,0.07545212765957446,0.11834045584045583,0.11670634920634922,0.0942463768115942,0.04573155216284987,0.059696969696969686,0.03645833333333334,0.050304487179487184,0.05408653846153844,0.18551319444444442,0.16154610829103216,0.09499530516431924,0.09499530516431924,0.15844469190794355,0.13154761904761902,0.0797010537921836,0.07029552893208064,0.1321291785531191,0.11677746322566676,0.07888888888888888,0.07888888888888888,0.26666666666666666,0.14222222222222222,0.08422222222222223,0.051333333333333335,0.16577777777777777,0.14222222222222222,0.03155555555555556,0.020888888888888887,0.026,0.051333333333333335,0.07666666666666666,0.029111111111111112,0.004888888888888889,0.0008888888888888889,0.02311111111111111,0.02311111111111111,0.26666666666666666,0.1751111111111111,0.07888888888888888,0.07888888888888888,0.19955555555555557,0.15088888888888888,0.05888888888888889,0.04066666666666666,0.13257777777777777,0.10408888888888887,13.092867647058824,13.092867647058824,9.529153846153847,11.999842105263157,13.777049689440993,14.738153846153844,12.151361386138612,11.999842105263157,15.894833948339484,17.096420863309355,13.847374301675979,12.916849710982659,13.834797297297298,17.225848708487085,16.65728813559322,17.109945652173913,14.630472972972976,14.603770491803278,9.529153846153847,10.605648148148148,13.092867647058824,13.092867647058824,10.66319209039548,11.49326347305389,14.246004311021915,15.351412311362477,12.569673951991428,12.825109817924353,272.0,272.0,390.0,380.0,322.0,390.0,404.0,380.0,542.0,556.0,358.0,346.0,296.0,542.0,236.0,184.0,296.0,244.0,390.0,324.0,272.0,272.0,354.0,334.0,345.6,400.8,348.4,313.6,0.18,0.18,0.29,0.24,0.17,0.16,0.28,0.24,0.14,0.13,0.19,0.2,0.18,0.14,0.15,0.14,0.15,0.15,0.29,0.26,0.18,0.18,0.28,0.24,0.164,0.152,0.238,0.21600000000000003,0.11,0.11,0.1,0.09,0.08,0.07,0.1,0.07,0.08,0.08,0.11,0.11,0.094,0.08399999999999999
357-371,38.16093333333333,38.16093333333333,43.861200000000004,39.12173333333333,37.716,37.7564,40.63333333333334,33.05613333333333,38.16093333333333,38.16093333333333,43.861200000000004,38.48573333333333,36.156666666666666,36.15613333333334,35.27013333333333,34.689600000000006,39.0252,38.8736,43.94986666666667,37.83306666666667,32.89613333333333,31.401466666666668,38.4828,39.12173333333333,36.79098666666667,36.46970666666667,40.43946666666667,36.637253333333334,0.08211854460093897,0.08211854460093897,0.17886398292162245,0.09234817813765182,,,0.11561389759665622,0.165,0.08211854460093897,0.08211854460093897,0.17886398292162245,0.14515254664649518,,,0.07532258064516129,0.04041666666666671,,,0.1630801825293351,0.11203258547008546,0.05562500000000001,,0.11523674242424242,0.09234817813765182,,,0.1296234772234035,0.11098999538417983,0.06311111111111112,0.06311111111111112,0.24288888888888888,0.05488888888888889,0.0,0.0,0.07088888888888889,0.0064444444444444445,0.06311111111111112,0.06311111111111112,0.24288888888888888,0.1468888888888889,0.0,0.0,0.006888888888888889,0.00044444444444444447,0.0,0.0,0.17044444444444445,0.06933333333333333,0.0008888888888888889,0.0,0.07822222222222222,0.05488888888888889,0.0128,0.012622222222222224,0.11386666666666667,0.055600000000000004,13.307882352941178,13.307882352941178,10.022825000000001,12.97825,15.967978723404253,16.038837209302326,13.590854922279792,15.929487951807229,13.307882352941178,13.307882352941178,10.022825000000001,11.074513513513512,17.72404458598726,17.968633333333333,15.101637931034485,17.266770833333336,15.574920634920636,15.667575757575756,10.891878612716763,12.018722222222221,16.250419161676646,17.260105263157893,12.987181208053693,12.97825,15.765049091785993,16.048606783262095,12.518875534816946,13.85354890417526,340.0,340.0,400.0,240.0,94.0,86.0,386.0,332.0,340.0,340.0,400.0,370.0,314.0,300.0,232.0,96.0,126.0,132.0,346.0,180.0,334.0,570.0,298.0,240.0,241.6,285.6,332.4,243.6,0.18,0.18,0.32,0.18,0.15,0.15,0.22,0.16,0.18,0.18,0.32,0.22,0.16,0.16,0.16,0.14,0.17,0.17,0.26,0.19,0.14,0.14,0.19,0.18,0.16,0.16,0.23000000000000004,0.178,0.11,0.11,0.06,0.06,0.11,0.11,0.06,0.06,0.06,0.06,0.07,0.06,0.072,0.06999999999999999
360-374,35.95453333333334,33.1332,59.806933333333326,48.74146666666665,36.593199999999996,36.51106666666667,58.30973333333333,39.06213333333333,33.28426666666666,32.02973333333333,59.806933333333326,48.74146666666665,33.26093333333333,33.1332,41.76733333333333,40.09546666666667,34.318933333333334,33.306533333333334,52.970666666666666,45.49720000000001,35.95453333333334,31.95306666666667,44.7648,35.47280000000001,34.68237333333333,33.386720000000004,51.52389333333333,41.77381333333334,0.052321428571428574,0.026916666666666655,0.3615781470620181,0.25029337321675105,0.01642857142857141,0.022083333333333288,0.24631180373012895,0.10511998254799303,,,0.3615781470620181,0.25029337321675105,0.011249999999999982,0.026916666666666655,0.10689271255060728,0.07262614678899082,0.01708333333333331,0.016439393939393945,0.2111449275362319,0.1928258655804481,0.052321428571428574,,0.1499411231884058,0.0963785046728972,,,0.21517374281347842,0.14344877456141605,0.015555555555555555,0.0022222222222222222,0.682,0.48288888888888887,0.0015555555555555555,0.00044444444444444447,0.5917777777777777,0.08488888888888889,0.0,0.0,0.682,0.48288888888888887,0.0008888888888888889,0.0022222222222222222,0.10977777777777778,0.04844444444444444,0.0026666666666666666,0.0024444444444444444,0.38333333333333336,0.21822222222222223,0.015555555555555555,0.0,0.16355555555555557,0.04755555555555555,0.0041333333333333335,0.0010222222222222223,0.38608888888888887,0.17639999999999997,15.863720316622691,15.90234375,5.997594339622641,7.898642857142858,15.196488095238097,15.551666666666666,8.943018433179724,13.493730964467005,18.064436619718307,18.16151041666667,5.997594339622641,7.898642857142858,16.131492248062017,15.90234375,12.559050632911392,13.621140939597316,14.83735507246377,14.863296296296298,9.067005649717515,10.209420731707317,15.863720316622691,16.7700243902439,12.106401098901097,14.23876923076923,16.018698470420976,16.249768303974708,9.734614030866473,11.892340944736745,758.0,512.0,424.0,420.0,168.0,150.0,434.0,394.0,142.0,192.0,424.0,420.0,516.0,512.0,316.0,298.0,276.0,270.0,354.0,328.0,758.0,410.0,364.0,260.0,372.0,306.8,378.4,340.0,0.15,0.14,0.52,0.39,0.13,0.13,0.43,0.22,0.11,0.12,0.52,0.39,0.13,0.14,0.23,0.19,0.13,0.12,0.36,0.29,0.15,0.12,0.26,0.18,0.13,0.126,0.36,0.254,0.08,0.07,0.07,0.07,0.05,0.05,0.07,0.07,0.06,0.06,0.08,0.06,0.066,0.062
363-377,34.446133333333336,33.60013333333334,56.43186666666666,60.12413333333334,33.735466666666674,33.60013333333334,41.129999999999995,43.36093333333333,34.446133333333336,30.25173333333333,56.43186666666666,49.894400000000005,32.72866666666667,32.75986666666666,34.300799999999995,37.36293333333334,33.334933333333325,31.304799999999997,56.81733333333334,60.12413333333334,31.426000000000002,30.653200000000002,41.81466666666667,39.766799999999996,33.13424,31.713946666666665,46.098933333333335,46.101839999999996,0.06841441441441441,0.04053418803418803,0.28960387078808136,0.28469300208892867,0.04818181818181818,0.04053418803418803,0.07442506459948321,0.11858605246321177,0.06841441441441441,0.04859374999999999,0.28960387078808136,0.21529476366192235,0.042602564102564106,0.04428819444444443,0.036666666666666625,0.06781250000000004,0.05802696078431372,0.03922222222222223,0.24172309498013725,0.28469300208892867,0.016458333333333297,0.03333333333333327,0.1369176509186352,0.149426318651441,0.04673681816328874,0.04119433760683759,0.15586726959060074,0.16716252737310075,0.04111111111111111,0.017333333333333333,0.532,0.49644444444444447,0.014666666666666666,0.017333333333333333,0.028666666666666667,0.11577777777777777,0.04111111111111111,0.0035555555555555557,0.532,0.42155555555555557,0.014444444444444444,0.010666666666666666,0.00022222222222222223,0.0017777777777777779,0.015111111111111112,0.0033333333333333335,0.4102222222222222,0.49644444444444447,0.0008888888888888889,0.00044444444444444447,0.11288888888888889,0.13622222222222222,0.017244444444444444,0.0070666666666666655,0.21679999999999996,0.23435555555555557,13.43696551724138,13.238872549019606,7.218731343283582,7.166968085106384,13.432401960784313,13.238872549019606,15.39406914893617,13.056630434782608,13.43696551724138,14.717027027027028,7.218731343283582,8.789278606965174,15.119414634146342,15.874125560538118,20.235576923076923,15.980255102040816,14.32206293706294,15.167717391304347,8.238,7.166968085106384,15.810170068027213,17.052922374429226,12.518081395348835,11.888452380952382,14.424203023452439,15.210132980463666,12.720891762129103,11.376316921969472,290.0,204.0,402.0,376.0,204.0,204.0,376.0,368.0,290.0,222.0,402.0,402.0,410.0,446.0,208.0,196.0,286.0,276.0,370.0,376.0,294.0,438.0,344.0,336.0,296.8,317.2,340.0,335.6,0.17,0.15,0.45,0.4,0.15,0.15,0.22,0.25,0.17,0.14,0.45,0.36,0.15,0.15,0.12,0.16,0.16,0.13,0.39,0.4,0.13,0.13,0.25,0.25,0.152,0.14,0.28600000000000003,0.284,0.1,0.08,0.07,0.08,0.1,0.07,0.08,0.08,0.08,0.06,0.06,0.06,0.078,0.07
