peptide,multimer_intercontacts,5U_intercontacts,10U_intercontacts
243-257,128,0,147
246-260,165,0,0
249-263,72,0,0
252-266,96,202,171
255-269,66,0,0
258-272,63,0,0
261-275,264,180,6
264-278,130,192,62
267-281,124,203,193
270-284,200,209,182
273-287,170,217,206
276-290,155,214,181
279-293,126,3,51
282-296,86,178,109
285-299,118,214,219
288-302,184,2,14
291-305,256,157,8
294-308,175,200,124
297-311,249,202,215
300-314,99,205,209
303-317,99,22,161
306-320,122,107,85
309-323,132,140,91
312-326,106,104,49
315-329,109,201,209
318-332,174,231,232
321-335,135,220,96
324-338,292,210,101
327-341,79,215,201
330-344,148,218,153
333-347,166,214,210
336-350,102,203,217
339-353,85,0,0
342-356,47,0,0
345-359,132,1,0
348-362,53,219,182
351-365,214,184,131
354-368,136,205,193
357-371,170,193,104
360-374,379,208,207
363-377,145,206,185
